All_pdb_code,All_pdb_pangles
5GZR_2,-69.380093
5GZR_1,-69.377528
5O6V_1,-61.657292
6NJN_2,-61.528078
1BGX_1,-60.754947
1AY1_1,-59.928802
6ORP_2,-59.918745
6ORP_1,-59.835545
6ORP_3,-59.805616
6NJM_1,-59.583229
5O6V_2,-59.543895
6NJM_2,-59.501075
4M1D_2,-58.576729
1Q1J_1,-57.877257
6NJN_1,-57.835422
1Q1J_2,-57.621962
4R4N_4,-57.582265
6ORO_3,-57.301976
6ORO_1,-57.296274
6NJL_2,-57.243705
6ORO_2,-57.123718
6N5E_3,-57.086544
3GHB_1,-57.060024
5UHY_1,-56.911442
5KEM_3,-56.892349
5KEM_2,-56.891411
1MCO_1,-56.880034
6JMR_1,-56.839463
3C2A_1,-56.625618
3GHB_2,-56.361995
6ORQ_2,-56.345118
6A0X_1,-56.257992
6ORQ_3,-56.247432
6A0X_4,-56.165137
4M1D_1,-56.103809
2Y07_1,-56.067307
6N5D_2,-56.023104
6ORQ_1,-55.919684
3L5W_2,-55.781439
6NJL_1,-55.716837
6OC3_1,-55.711393
5G64_2,-55.709015
4Y5X_3,-55.652163
3C2A_2,-55.566597
4Y5X_1,-55.533762
3SKJ_2,-55.510213
4Y5X_2,-55.363583
6EV1_4,-55.320957
4YBL_1,-55.107653
4UIN_1,-55.106534
6A0X_3,-55.105222
6EV1_5,-55.09863
4YC2_2,-55.01781
2Z91_2,-54.948297
6A0X_2,-54.946972
6DZM_2,-54.943057
6DZM_1,-54.942641
6DZM_3,-54.940998
12E8_1,-54.86047
3JAB_1,-54.858094
3JAB_2,-54.858094
4R4N_1,-54.825832
6OC3_2,-54.793728
3AB0_1,-54.740487
3L5W_1,-54.722359
2Z92_1,-54.539741
6EV1_1,-54.492675
2Z91_1,-54.448248
4Y5X_4,-54.33679
5HBT_1,-54.273723
5XS7_1,-54.270663
6OKP_4,-54.237209
5BK3_3,-54.212533
3J2Y_1,-54.195066
3J2Y_3,-54.194112
3J2Y_2,-54.193903
3J2Y_4,-54.192917
4GQ9_1,-54.192524
3J2Z_4,-54.191804
3J2Z_2,-54.189356
3TNM_1,-54.186881
3J2Z_1,-54.18606
3J2Z_3,-54.185112
6FN4_1,-54.177371
4MWF_1,-54.147265
5JR1_1,-54.060881
6N5E_2,-54.040046
4RAV_2,-53.998476
6N5D_1,-53.949244
5W1K_2,-53.895386
6MJZ_1,-53.871741
4UIM_3,-53.819853
6N5E_1,-53.800248
4R4H_1,-53.770801
6FN1_1,-53.73991
5HBV_1,-53.719726
2JIX_2,-53.718679
3KYM_1,-53.699445
1Y18_3,-53.66576
5BK3_1,-53.654973
2XZQ_1,-53.644047
1PZ5_1,-53.643361
4YBL_2,-53.634179
1Y0L_3,-53.537325
4TNW_7,-53.524524
1YED_1,-53.518382
4YFL_2,-53.508901
5ESZ_2,-53.485136
1Y0L_1,-53.477268
6B0N_1,-53.450927
5W1K_1,-53.432463
5VN8_3,-53.403346
4UIM_1,-53.385248
1YED_2,-53.383108
4FFW_1,-53.31836
5VCO_2,-53.308066
4PP2_2,-53.308066
5VCO_1,-53.300589
4PP2_1,-53.300589
2Z93_1,-53.280582
4HZL_1,-53.206615
3RIA_2,-53.167122
5H30_1,-53.122197
2Y06_1,-53.084738
4FFW_2,-53.075583
6OCB_1,-53.075554
1Y18_1,-53.072016
5DD6_1,-53.059794
5W1K_3,-53.046575
1DSF_1,-53.020476
6JMR_2,-52.960312
6BCK_1,-52.942467
6N5D_3,-52.874222
5W1K_4,-52.849021
2Y36_1,-52.831369
6EV2_4,-52.82797
3L1O_1,-52.818672
5GKS_2,-52.791286
4HDI_2,-52.778407
4UIM_4,-52.748785
3RIA_3,-52.714892
5VN8_1,-52.712299
4KKC_1,-52.679543
3L7E_2,-52.660392
5U7O_1,-52.656002
6N5B_1,-52.625319
5U7M_1,-52.606748
5GS0_2,-52.599524
1N4X_2,-52.597685
3RHW_2,-52.56685
1M7D_1,-52.547748
2GFB_6,-52.496716
6EV1_3,-52.470916
2GFB_8,-52.44633
2GFB_1,-52.440286
6EV2_1,-52.434203
6OBZ_1,-52.41281
3RHW_3,-52.396799
5G64_1,-52.396246
4TNW_5,-52.348112
2GFB_4,-52.344607
3RIA_1,-52.340541
3AB0_2,-52.338404
3RIF_2,-52.314447
3GHE_1,-52.290535
3G5Y_1,-52.275099
5BK3_4,-52.26206
6EV1_2,-52.241541
3WFB_1,-52.240801
2GFB_7,-52.238982
3RI5_2,-52.23141
4R90_1,-52.215278
4FFV_2,-52.211268
5WTH_1,-52.202795
5MHS_1,-52.198217
3RHW_1,-52.196305
4TNW_3,-52.169576
5GUX_1,-52.168362
4POZ_1,-52.16742
1NGX_1,-52.154485
3RIA_4,-52.152121
2GFB_2,-52.145564
5Y9F_3,-52.144345
6OGE_2,-52.142607
6OGE_1,-52.139093
3RHW_4,-52.104017
4K2U_2,-52.099879
4AT6_3,-52.075012
3RI5_1,-52.031626
3RIF_1,-52.013269
6II9_3,-52.000382
5DD0_1,-51.999887
5YUP_1,-51.990054
1A4K_1,-51.981028
4KK5_1,-51.976443
3RI5_3,-51.97352
4ODT_1,-51.970955
4MQX_1,-51.966417
5TBD_1,-51.949036
4TNW_6,-51.94678
3S96_2,-51.938885
1QFW_1,-51.933304
3RIF_3,-51.905931
5GRJ_1,-51.879685
3RIA_5,-51.852333
3G5V_1,-51.85131
4UV7_1,-51.834002
6QEE_1,-51.829194
5VN8_2,-51.82508
5I8H_1,-51.804217
3TNM_2,-51.799965
5TBD_4,-51.798037
4TNW_8,-51.783916
5K9K_2,-51.780263
4NWT_1,-51.765533
3RIF_4,-51.744463
4K2U_1,-51.736577
5DD6_2,-51.732398
3RHW_5,-51.731286
3RI5_4,-51.709327
6OBZ_2,-51.707699
3O0R_1,-51.698886
3KYM_6,-51.656726
1JNH_3,-51.656135
4TNW_9,-51.654578
1M71_1,-51.635387
1YEC_1,-51.61034
1TQB_1,-51.599224
5VH3_2,-51.586714
5N4G_1,-51.585745
4YC2_1,-51.582857
1CBV_1,-51.580199
4K24_1,-51.579513
5Y9F_7,-51.565295
5JUE_1,-51.549599
1TPX_1,-51.544975
4ODW_2,-51.543777
1M7I_1,-51.534976
3WFC_1,-51.520338
2GFB_5,-51.511609
4TNW_1,-51.503661
6II9_2,-51.482783
4AT6_4,-51.475509
6CDE_1,-51.47522
5U3K_1,-51.474918
5Y9F_2,-51.474566
6CDE_4,-51.47442
6CDE_5,-51.472205
4UIM_2,-51.47051
1XIW_1,-51.46085
5D9Q_3,-51.456777
4TNW_2,-51.437396
1JN6_1,-51.424628
1OCW_1,-51.414246
3RI5_5,-51.407079
2QSC_1,-51.405661
4KK8_1,-51.403514
4R97_1,-51.40038
4X80_1,-51.364993
1YEI_1,-51.350431
5KZP_3,-51.345798
2HT2_1,-51.324932
3WFE_1,-51.310202
3RIF_5,-51.293517
4HZL_2,-51.290498
3LEX_1,-51.284307
1JNH_2,-51.279988
5D9Q_2,-51.276554
4KPH_1,-51.276391
3L95_2,-51.274859
4TNW_4,-51.265995
2GFB_3,-51.26337
6BF9_2,-51.258793
1YEH_1,-51.254932
6MID_1,-51.251668
4JAM_1,-51.251272
6QEX_1,-51.247954
4TNV_3,-51.246583
3WFD_1,-51.243062
1YEG_1,-51.235284
3UO1_1,-51.2347
4KTD_1,-51.233667
1YEJ_1,-51.233403
1JNH_1,-51.228668
5KZP_1,-51.22525
5I1C_1,-51.225054
1KN4_1,-51.20574
4DGV_1,-51.20441
3S96_1,-51.201636
3GK8_1,-51.199905
3J93_1,-51.199271
3J3Z_1,-51.198245
5Y9F_5,-51.192919
5WDU_2,-51.181752
4UOM_1,-51.181325
1YEK_1,-51.167128
5Y9F_8,-51.166097
3JAU_1,-51.162537
1MEX_1,-51.162317
5Y9F_9,-51.138858
3CFK_7,-51.132384
3CFK_4,-51.129708
2A1W_2,-51.114336
4KKL_1,-51.098349
6EWB_3,-51.097659
4TNV_4,-51.093078
5VH3_1,-51.090624
5K9K_1,-51.086117
5DUR_2,-51.076982
1HZH_2,-51.07093
4KKB_1,-51.060276
5WDU_1,-51.058098
4DTG_1,-51.05179
2DQF_1,-51.051752
4TNV_5,-51.047355
3CFK_1,-51.042388
5X8L_2,-51.032698
5DUR_1,-51.01436
1KN2_1,-51.014101
6MAM_1,-51.011138
2R56_1,-51.009745
4Z95_1,-51.008721
3LEX_2,-51.004899
4NCO_1,-51.003432
4NCO_3,-51.001762
4AT6_1,-50.993363
4NCO_2,-50.989591
5U3O_1,-50.989488
6BPC_2,-50.985021
5U3K_2,-50.980202
3CFK_2,-50.980022
5D9Q_1,-50.978962
5BK3_2,-50.977908
5KZP_2,-50.975224
4TNV_8,-50.948274
1JHL_1,-50.946659
4FFV_1,-50.940569
6H3T_2,-50.937236
4ZPV_1,-50.928477
2JIX_3,-50.918518
4KJW_1,-50.91099
1TQC_1,-50.907077
3MME_3,-50.901184
1PG7_4,-50.899163
1PG7_1,-50.886183
6QN7_1,-50.880604
5ESZ_1,-50.876091
4TNV_6,-50.867125
3VE0_1,-50.852905
3L7E_1,-50.851828
4KK6_1,-50.850217
4AT6_2,-50.829993
5DRZ_2,-50.827697
5MHE_1,-50.824393
4V1D_2,-50.804774
1JNH_4,-50.795361
6JMQ_1,-50.783432
1Y0L_2,-50.767763
3V52_1,-50.765908
5U3L_2,-50.760563
5I6Z_1,-50.754414
1IGJ_1,-50.751474
5FUU_1,-50.738413
1IKF_1,-50.726467
3CFK_6,-50.721461
2AI0_4,-50.713092
4FQC_1,-50.698691
4HHA_1,-50.693901
6DZL_1,-50.673588
6DZL_3,-50.673095
6DZL_2,-50.672076
5WTG_1,-50.671501
3V6Z_2,-50.667614
4Z8F_1,-50.666638
6A79_2,-50.664054
6H3T_1,-50.662019
5Y9F_4,-50.652813
5MHS_2,-50.628377
5F3B_2,-50.616309
4TNV_7,-50.613892
1N0X_1,-50.60223
2V17_1,-50.599602
1XIW_2,-50.597496
1Y0L_4,-50.597295
4ZPV_2,-50.594746
1YEF_1,-50.594634
3CFK_3,-50.593507
5I74_1,-50.581197
4DGY_1,-50.574686
3CFJ_4,-50.559995
6A67_2,-50.553583
1NMB_1,-50.547115
3EJZ_1,-50.545476
6MAR_1,-50.536963
3UYR_1,-50.528284
3ZTJ_2,-50.527899
5KEN_5,-50.52257
2NY7_1,-50.521158
5VH4_2,-50.510259
5WDU_3,-50.508614
2H2S_1,-50.50022
5T78_1,-50.497038
5F3B_1,-50.494215
3IY0_1,-50.482156
5U3J_1,-50.470417
5Y9F_1,-50.450571
1CU4_1,-50.448727
1R24_2,-50.432952
3F12_1,-50.41114
4R4N_6,-50.408059
2XZA_1,-50.39654
4N90_3,-50.395503
5E94_1,-50.39466
5H37_3,-50.386467
5CGY_1,-50.378183
3V4U_1,-50.370783
5GKS_1,-50.368151
4ODW_1,-50.366292
3IET_2,-50.351676
4ODU_1,-50.343768
5U3P_1,-50.341836
1HZH_1,-50.340559
3CFJ_3,-50.340499
1FE8_3,-50.33595
4G3Y_1,-50.335688
6OE5_2,-50.334533
4MXW_2,-50.331347
5ZIA_5,-50.327276
1UZ8_2,-50.321579
5KZP_4,-50.315738
6BIT_1,-50.312865
5T6P_1,-50.309226
4R9Y_1,-50.308879
4ZPT_1,-50.297774
5B4M_2,-50.293941
6R2S_1,-50.289387
4AEI_2,-50.28294
4JZJ_1,-50.275078
1QLE_1,-50.273539
2XZC_1,-50.270941
1BQL_1,-50.259588
6A79_1,-50.256537
4TNV_9,-50.256122
2VXU_1,-50.249685
5I6X_1,-50.247678
6NB3_1,-50.240744
5T78_2,-50.240244
4LOU_1,-50.236336
3IET_1,-50.234817
5I73_1,-50.228267
4R4N_3,-50.227314
5DRZ_1,-50.215356
3H0T_1,-50.204367
4KJP_1,-50.200973
3CFK_5,-50.193089
4ONG_1,-50.190268
2DTM_1,-50.184002
5I8H_3,-50.182304
5MHS_3,-50.178094
4TQE_1,-50.171541
3V6Z_1,-50.164305
5U3L_1,-50.159695
4EDX_2,-50.159242
1Z3G_1,-50.157247
1OAR_2,-50.134868
5MHG_1,-50.130017
4MHH_2,-50.109401
5I30_1,-50.108597
1NGW_1,-50.102078
4K23_1,-50.094058
1MAM_1,-50.092811
5HD8_1,-50.085725
4HDI_1,-50.083055
2OSL_2,-50.081559
2H9G_1,-50.076283
5HJ3_4,-50.075214
5HYS_1,-50.068341
2XKN_2,-50.066999
3HNS_1,-50.06321
5FYK_1,-50.039011
4FQL_1,-50.037076
2LTQ_1,-50.032873
3HNV_1,-50.03061
5I76_2,-50.022691
4TNV_2,-50.016043
4DVB_1,-50.011004
5ZIA_3,-50.004318
1OAR_1,-49.996058
6A78_2,-49.987657
5NJ6_1,-49.986783
6NB4_1,-49.985512
6A67_1,-49.980327
3LEY_1,-49.979974
5WTG_2,-49.960329
3IXY_2,-49.956732
5F9O_1,-49.955063
2XKN_1,-49.951937
3IXX_2,-49.950411
3IXX_1,-49.949362
3IXY_1,-49.946669
6C6X_1,-49.935571
5Y9F_6,-49.932414
1NGW_2,-49.928821
4JZJ_2,-49.928241
1UWE_3,-49.926897
5XBM_2,-49.907102
4KJQ_1,-49.905096
4R4N_7,-49.902566
5ZS0_1,-49.893233
2ZUQ_1,-49.890594
1NJ9_1,-49.887301
3VRL_2,-49.885602
6BKC_1,-49.885356
5DO2_1,-49.879456
4R4N_5,-49.870332
2FEE_1,-49.861753
5I71_1,-49.860805
2ZPK_2,-49.853817
3I50_1,-49.853367
4O02_1,-49.830349
2ZJS_1,-49.817375
3CFD_2,-49.806308
6EV2_3,-49.805409
1IGY_2,-49.804431
4ODU_2,-49.796249
5T6P_2,-49.783417
6H3U_2,-49.783248
3W2D_1,-49.782582
4N90_1,-49.781246
4Z7Q_2,-49.776059
1B4J_1,-49.772059
5DD5_1,-49.770021
1E4X_2,-49.762657
1YNT_1,-49.758284
5GZ0_2,-49.755092
2AAB_1,-49.751179
5H37_2,-49.750087
5H35_3,-49.747959
4N9G_2,-49.746572
3P30_1,-49.744491
3J1S_1,-49.743682
3RU8_1,-49.74357
4KPH_2,-49.739157
3CFK_8,-49.738911
2BFV_1,-49.729868
6A78_1,-49.723798
2VXU_2,-49.72376
3HNT_1,-49.722278
6EWB_1,-49.715874
6MAM_3,-49.715468
4TNV_1,-49.714707
1IGF_1,-49.709552
1YNT_2,-49.709032
4AEI_1,-49.700018
5VH4_1,-49.69249
4ODV_1,-49.685099
4U6H_2,-49.682331
4MHJ_6,-49.679884
4RNR_1,-49.679764
4JAM_2,-49.679092
3ZE1_2,-49.676482
5H2B_1,-49.672874
4DW2_1,-49.669085
1S78_1,-49.664415
4YWG_1,-49.662718
5HYS_4,-49.661417
5H35_2,-49.658085
5ESQ_2,-49.646025
1Y18_2,-49.64353
1N4X_1,-49.637085
5KEN_4,-49.62974
4Z7O_2,-49.621716
5H35_1,-49.611946
5I75_1,-49.603099
5NMV_1,-49.602231
6QN7_2,-49.598415
5TZT_1,-49.596874
3RA7_1,-49.596424
5Y9C_1,-49.589811
6CUF_2,-49.588223
5W5X_1,-49.586692
5U3M_1,-49.58459
6APD_6,-49.584488
1UZ8_1,-49.576149
6GLW_1,-49.569316
3U4B_1,-49.5688
6II9_1,-49.567842
3ZDY_1,-49.559026
5W9L_1,-49.558188
3ZE0_2,-49.556193
4DQO_1,-49.555284
4EDX_1,-49.546925
3KYM_8,-49.540173
2FEC_1,-49.538291
5UMI_2,-49.538164
3V4V_2,-49.533993
5JHL_1,-49.526513
3HFM_1,-49.522219
4UIL_1,-49.515686
5ACO_2,-49.512924
5HJ3_2,-49.510187
5ACO_3,-49.510173
5ACO_1,-49.509891
1L7I_1,-49.503733
3MXW_1,-49.498886
5MU0_7,-49.497661
2IFF_1,-49.4964
5DO2_2,-49.493023
3CFE_2,-49.491303
5TLJ_4,-49.488094
4ENE_1,-49.485641
4N9G_1,-49.479373
2H2P_1,-49.478695
2F19_1,-49.476569
2ORB_1,-49.474089
5TH9_3,-49.46744
5XQW_1,-49.46529
1V7N_3,-49.460468
3DET_1,-49.457326
1C1E_1,-49.45646
3QG6_2,-49.455531
1YQV_1,-49.453606
1DVF_1,-49.451404
1EJO_1,-49.444071
6APD_2,-49.440336
5ZIA_2,-49.434178
4U6H_1,-49.423203
4DVB_2,-49.422962
2HTK_1,-49.419689
6DDV_1,-49.414815
5HPM_2,-49.409514
5ZIA_4,-49.407627
2R56_2,-49.406182
1WZ1_1,-49.404638
5F9W_2,-49.397475
3EOB_2,-49.396706
5GIR_1,-49.394873
1UWE_1,-49.394786
6CDE_2,-49.394612
6CDE_3,-49.394353
1N0X_2,-49.393806
6AWN_1,-49.393237
6CDE_6,-49.392999
4DCQ_1,-49.377374
2AI0_1,-49.373975
4LAS_1,-49.36991
3CFE_1,-49.3677
3WIH_1,-49.366464
5JOR_1,-49.360271
3D69_1,-49.356946
6AU5_2,-49.354622
6NB6_1,-49.349963
3QG6_1,-49.34987
4MQX_2,-49.34867
5ZIA_6,-49.344804
3FCT_2,-49.339986
5J3D_3,-49.338033
2EH8_1,-49.321923
5U3N_1,-49.318072
1OSP_1,-49.316087
2A1W_1,-49.312087
2VXT_1,-49.311066
3G5X_1,-49.310965
3IF1_2,-49.309989
5H37_1,-49.308192
4N0Y_1,-49.303436
1FE8_2,-49.300897
5JSA_1,-49.297459
3CFD_1,-49.295451
6E4X_1,-49.295393
1NCB_1,-49.295363
5TLK_1,-49.290977
6NB7_3,-49.285846
6BPC_1,-49.284433
5ITF_2,-49.281529
5XRQ_1,-49.276722
4AEI_3,-49.271167
2YMX_1,-49.269677
3NFP_1,-49.267606
6B3D_1,-49.26647
4UIK_1,-49.257827
5HJ3_1,-49.253862
4MHJ_5,-49.251904
1Z3G_2,-49.25183
3ULS_2,-49.241214
5K9J_1,-49.237867
3UTZ_3,-49.237418
4R9Y_2,-49.234653
1IGY_1,-49.2341
1Y18_4,-49.232197
3WIH_2,-49.229956
4KK9_1,-49.224894
1SBS_1,-49.223185
3UTZ_1,-49.220648
3T3M_2,-49.203197
6CUF_3,-49.200804
3JCX_1,-49.200268
3VRL_1,-49.189682
2ADI_1,-49.189375
6FY3_1,-49.187149
5W9O_2,-49.181746
4R4F_1,-49.181138
1IGJ_2,-49.174901
3MME_1,-49.169424
6NN3_1,-49.163402
1IGI_1,-49.162829
4MXV_2,-49.162273
3EO9_1,-49.159382
5ETU_2,-49.158957
5ICY_1,-49.157725
3ZDZ_2,-49.150174
5VJQ_3,-49.149645
4ZPT_2,-49.139746
1YUH_1,-49.135477
4Z5R_1,-49.127809
2ADG_1,-49.12675
4KKA_1,-49.116649
3IF1_1,-49.115494
1UZ6_1,-49.114713
5J3D_1,-49.11466
6NB7_2,-49.110627
6EWB_2,-49.106968
1AE6_1,-49.102958
5ESV_1,-49.10183
3SGE_2,-49.101583
5W9M_2,-49.100606
6NB6_2,-49.10034
5IVZ_2,-49.097498
1ZTX_1,-49.089521
2AP2_1,-49.088889
5B4M_1,-49.088146
4Z7O_1,-49.086711
5F3H_3,-49.085587
1NMC_2,-49.083947
1NMC_1,-49.083526
4RNR_2,-49.07477
4XNU_1,-49.073607
1R24_1,-49.068319
6A76_1,-49.067422
3ULU_3,-49.063691
4MHH_1,-49.061053
5C7K_1,-49.058096
5VTA_1,-49.057838
3UAJ_2,-49.046438
5ID1_2,-49.046173
1XGR_1,-49.041477
5DLM_1,-49.040601
5MU0_4,-49.040247
5HDB_2,-49.039942
6MAM_2,-49.032384
4Z7N_1,-49.032304
6CDI_6,-49.032181
6CDI_1,-49.030883
6CDI_4,-49.030799
5DUP_1,-49.027235
5TLK_3,-49.026769
4H20_1,-49.021149
4R4N_8,-49.020275
5TJD_1,-49.011446
2NR6_1,-49.01101
4PB9_1,-49.009107
2R9H_1,-49.006714
2A6K_1,-49.004131
4MWF_2,-49.001792
4N90_2,-48.998547
2ADJ_1,-48.99447
5EZL_1,-48.985505
5MV3_3,-48.981695
4MXW_1,-48.976182
5TLK_2,-48.976062
5X0T_2,-48.975839
3NIF_1,-48.974377
5HPM_1,-48.973943
5FHC_1,-48.970042
3TJE_1,-48.961822
6NB8_1,-48.96108
3MME_2,-48.961024
5TLJ_2,-48.956827
2ZUQ_2,-48.955871
1UWE_2,-48.954814
1FAI_1,-48.953195
5MV4_4,-48.952398
4M48_1,-48.950416
2YBR_2,-48.950197
5ICX_1,-48.942928
2OR9_1,-48.941388
4R7D_7,-48.936859
2LTQ_2,-48.936586
5IR1_1,-48.934848
4R4B_2,-48.929521
6EDU_1,-48.925713
4JQI_1,-48.923835
4LAR_1,-48.923284
5ESV_3,-48.920107
1E4W_1,-48.91942
6AZK_2,-48.911734
1NCA_1,-48.909567
5JW4_5,-48.908964
3D9A_1,-48.904699
3WII_2,-48.904145
4Z7Q_1,-48.903384
3EYO_1,-48.902717
5VTA_2,-48.898632
5HJ3_3,-48.896556
5F3H_2,-48.893759
5VJQ_2,-48.889235
5W23_1,-48.88501
3NCY_1,-48.884909
5VGA_1,-48.884864
2HT3_1,-48.883014
4ONF_1,-48.881972
6AU5_1,-48.881371
5ADO_1,-48.880828
3CFJ_1,-48.873432
3ZDY_2,-48.872451
5VJQ_4,-48.871412
5HDB_1,-48.867266
4Z5R_5,-48.859067
6OE4_1,-48.858683
5I76_1,-48.855173
4MHJ_3,-48.854788
2DLF_1,-48.853891
3CSY_2,-48.85387
2YBR_3,-48.849556
3FCT_1,-48.8464
5SX4_2,-48.843751
1B2W_1,-48.842083
5HD8_2,-48.840601
5F96_1,-48.839704
5FHA_1,-48.838392
5DFV_1,-48.838169
5J3D_2,-48.834273
4Z7N_2,-48.831481
4GW1_1,-48.828681
1XGQ_1,-48.825415
5W9L_2,-48.825383
5I2I_2,-48.823543
8FAB_2,-48.822663
5IV2_1,-48.822202
6FY3_2,-48.819773
1A6T_1,-48.818219
5MU0_6,-48.817647
4HC1_1,-48.815639
5TLJ_1,-48.809146
5MUB_6,-48.807819
6DJP_1,-48.805115
3CFJ_2,-48.804291
1XGP_1,-48.798868
5MUB_1,-48.798233
4QHL_2,-48.796955
5A16_2,-48.794398
3HC4_1,-48.791603
6B5N_1,-48.787941
3R06_2,-48.787743
4HPY_1,-48.787561
5ZIA_1,-48.787189
5ID0_1,-48.786314
6CUF_1,-48.782444
1XGT_1,-48.779142
1PSK_1,-48.777037
1KEN_2,-48.775355
6GLX_1,-48.769722
1V7N_1,-48.769102
5SX4_1,-48.767496
2FED_1,-48.761328
5XCR_2,-48.760018
5GJS_1,-48.756191
6GLW_2,-48.751531
5MYO_1,-48.747317
4QHN_1,-48.745773
5TLK_4,-48.72929
5MV4_2,-48.727937
2EXW_1,-48.727618
5T1K_2,-48.722478
4MHH_3,-48.721909
4Y5Y_2,-48.720817
5DLM_2,-48.716419
2JIX_1,-48.713107
6EDU_3,-48.711496
5GZ0_1,-48.708803
3QUM_4,-48.707963
5GJT_1,-48.706101
2Z4Q_1,-48.701316
5FF6_2,-48.699049
1IC7_1,-48.692532
5F3H_4,-48.688908
2AJZ_1,-48.687064
5ICZ_2,-48.684437
5ESV_2,-48.679393
3ULV_3,-48.678536
4R4B_1,-48.678327
4LVH_3,-48.676798
6CUE_1,-48.676082
2GSI_3,-48.674384
2ZKH_1,-48.673797
5W5Z_1,-48.673246
1V7N_4,-48.667563
2HT4_1,-48.666063
5ICX_2,-48.664953
3UC0_2,-48.661951
4F2M_1,-48.660623
5H32_1,-48.657909
6NB7_1,-48.655657
5ETU_1,-48.650251
5MUB_4,-48.648649
3ZDZ_1,-48.647598
6MHR_1,-48.646383
5K9O_1,-48.645921
5FUZ_1,-48.641007
5MUB_8,-48.639721
2QQN_1,-48.633659
4RRP_6,-48.632152
4N9G_3,-48.62667
3ZE1_1,-48.62105
5MU2_7,-48.618213
6CUE_4,-48.617683
4NWU_1,-48.613708
6AXL_1,-48.611366
3ZDX_2,-48.609653
2VWE_2,-48.606376
5ID1_1,-48.606372
5IR1_2,-48.604279
5JS9_1,-48.597986
1DQD_1,-48.596385
4OUU_2,-48.595892
6AYN_2,-48.594526
4GW5_2,-48.59435
3ZDX_1,-48.589647
5IOP_2,-48.588499
2EXW_2,-48.587096
5W42_1,-48.586449
4YDV_1,-48.585639
1NBY_1,-48.585412
1KCV_1,-48.585297
3CSY_3,-48.583232
3KYK_1,-48.578098
5IV2_2,-48.574511
1BFO_4,-48.569212
5KG9_1,-48.569109
2YBR_1,-48.568149
3L95_1,-48.567549
3RA7_2,-48.565214
4RQS_1,-48.560701
3NCY_2,-48.558473
6NB3_2,-48.556215
5ITF_1,-48.554401
6AZK_1,-48.549944
4PLK_3,-48.546157
3V4V_1,-48.544346
1XGY_2,-48.543667
5TH2_1,-48.542515
5X0T_1,-48.541314
5MU2_1,-48.539939
1IC4_1,-48.530354
1BFO_2,-48.53033
4F2M_2,-48.523584
4RAV_1,-48.521883
6CUE_6,-48.514685
4ENE_2,-48.514008
1GPO_1,-48.510011
2H2P_2,-48.509585
6ID4_2,-48.506659
5T1L_1,-48.506261
6AXP_2,-48.503628
3EHB_1,-48.502561
1NGY_1,-48.499141
5ANY_3,-48.492228
3ZE0_1,-48.49132
5ANY_2,-48.489535
5ANY_1,-48.488772
6MWC_3,-48.488551
6MWC_1,-48.48808
5ANY_4,-48.487788
5F9W_1,-48.487711
6H3U_1,-48.487614
2OSL_1,-48.487429
1A4K_2,-48.487318
6MW9_1,-48.486675
6MWV_1,-48.486588
6MWC_4,-48.485778
6MWC_2,-48.485526
6MW9_2,-48.485492
12E8_2,-48.485488
6MW9_4,-48.484902
6MWV_2,-48.484314
6MWX_3,-48.483829
6MWV_3,-48.483805
6MWV_4,-48.482546
5VQM_1,-48.481879
6MWX_4,-48.481668
6MUI_1,-48.481547
6MWX_1,-48.481521
6MUI_3,-48.481101
6MUI_4,-48.480545
6MWX_2,-48.478578
6MW9_3,-48.478359
3UAJ_1,-48.477691
6MUI_2,-48.477111
3D69_2,-48.475058
2DQT_1,-48.469263
3O6M_1,-48.467323
5MV4_7,-48.46682
5ADP_1,-48.466339
3ULV_1,-48.465545
4J8R_1,-48.461863
1DQM_1,-48.461204
5NYX_2,-48.458904
1W72_1,-48.456861
1OAZ_2,-48.449087
1BFO_3,-48.448388
2AI0_3,-48.448319
3T3M_1,-48.447546
5ESQ_1,-48.444869
3V6F_2,-48.443732
5IOP_1,-48.443511
5JW4_4,-48.441806
3ZE2_1,-48.429379
1BLN_1,-48.428714
4NRY_1,-48.426839
5X4G_1,-48.422791
5IVZ_1,-48.420708
4TUK_1,-48.419546
2VWE_1,-48.418665
1OAZ_1,-48.413822
6EA7_1,-48.412222
6AXK_1,-48.408616
5HYQ_1,-48.406783
5KEN_3,-48.405755
1KEN_1,-48.401282
4MHJ_4,-48.401007
4RAU_3,-48.399409
6EWB_4,-48.39872
5JW3_1,-48.396303
4R7D_6,-48.395287
4RAU_7,-48.387393
6DCQ_2,-48.384275
5GIR_2,-48.384245
5MU2_2,-48.38278
4HC1_2,-48.379369
1XGU_1,-48.378992
2A6K_2,-48.376136
5TBD_2,-48.375441
6AZL_2,-48.375006
6ID4_1,-48.362926
3MUG_1,-48.361574
4YDV_2,-48.356267
6AZL_1,-48.354038
6OE4_2,-48.353211
5W9O_3,-48.35185
5HYQ_2,-48.348208
6MLM_3,-48.343795
4Z5R_7,-48.343256
6MLM_2,-48.341893
6MLM_1,-48.341105
4JY6_2,-48.33925
5TR8_1,-48.338687
4R7D_8,-48.336693
1UAC_1,-48.335771
4XPA_1,-48.333301
1QNZ_1,-48.323656
5WTT_2,-48.322827
5X8L_4,-48.321304
3C5S_1,-48.314282
3LS5_1,-48.314031
2DQH_1,-48.313854
3UTZ_2,-48.313826
1NGZ_1,-48.313433
5ICY_2,-48.309935
5F88_1,-48.304021
5E94_2,-48.299154
6AWP_1,-48.294842
4R4N_2,-48.293313
4X7T_1,-48.290986
5ID0_2,-48.289022
4YHI_2,-48.28765
5EZO_1,-48.285097
1BZ7_1,-48.283362
6AXP_1,-48.281727
5VN3_2,-48.274601
6MHR_2,-48.274337
5TZT_2,-48.274187
5MUB_5,-48.269864
1OAX_2,-48.268095
6BTJ_1,-48.267027
4RAU_6,-48.264983
5TH2_2,-48.255324
1MF2_1,-48.252676
3NIG_1,-48.249761
2YC1_1,-48.247666
4F3F_1,-48.242594
1YUH_2,-48.241896
1NAK_1,-48.238867
5VN3_1,-48.238049
5I2I_1,-48.236834
1FNS_1,-48.230244
1S78_2,-48.229669
2DQF_2,-48.228249
6AYN_1,-48.226493
2H2S_2,-48.224738
3EYF_2,-48.219096
6EDU_2,-48.218001
4OD3_1,-48.217831
3FFD_1,-48.21459
5MV4_6,-48.214479
5YHL_1,-48.211897
2H1P_1,-48.209915
4U6V_1,-48.209378
1DBK_1,-48.206188
4X7T_2,-48.203285
6BF4_1,-48.201606
5W9H_2,-48.19888
4HPO_1,-48.197027
5XCR_1,-48.185514
4GW1_2,-48.183986
4UAO_1,-48.180697
5VN3_3,-48.177817
5MUB_3,-48.177528
4F33_2,-48.175912
6EV2_2,-48.173279
1NGX_2,-48.169614
6EA5_1,-48.166764
4U6V_2,-48.159402
6MAR_2,-48.159356
2AI0_2,-48.157664
1KYO_2,-48.157613
3EYF_1,-48.155957
2WUB_2,-48.154014
5F88_2,-48.153178
4XP6_1,-48.151278
1I8M_1,-48.14515
4ORG_1,-48.14324
6DEZ_1,-48.137882
4QF1_1,-48.133712
4OQT_1,-48.132673
4XPT_1,-48.130025
4XVJ_1,-48.128583
2YC1_2,-48.124628
5CEX_1,-48.124573
4YQX_1,-48.120096
1H0D_1,-48.113622
5VOB_1,-48.112794
3EOA_2,-48.109944
5MV3_2,-48.10975
5T1L_2,-48.107396
2A6I_1,-48.103031
6N4R_1,-48.102178
1GPO_2,-48.099456
1NBZ_1,-48.091485
4HT1_1,-48.089387
5MUB_7,-48.086883
5ICZ_1,-48.086087
4XPB_1,-48.085687
5YWY_1,-48.084016
4FG6_2,-48.079646
5TDN_2,-48.076702
6AWQ_1,-48.075441
6AWO_1,-48.073294
3HB3_1,-48.071747
5JW4_6,-48.067981
2W9D_1,-48.062351
1XGY_1,-48.061059
5GMQ_1,-48.057636
4C2I_1,-48.054517
4KUZ_1,-48.049251
5C8J_4,-48.04811
3CSY_4,-48.046271
6A0Z_1,-48.044041
1KYO_1,-48.039101
1BFO_1,-48.038922
3MUG_5,-48.032458
1SEQ_1,-48.031124
6R8X_1,-48.030476
4P3D_2,-48.028872
1OAX_1,-48.023376
3BSZ_1,-48.019272
4GW5_1,-48.017451
1YY9_1,-48.015022
1OAY_2,-48.013459
5VQM_2,-48.012524
5VSI_1,-48.010755
3T3P_2,-48.009325
1XF2_2,-48.006565
6DC8_1,-48.003334
5JO4_2,-48.001622
5JW4_2,-47.998119
1E6O_1,-47.996991
5JW4_3,-47.993805
4JY5_1,-47.991173
4S2S_2,-47.988993
5MV4_5,-47.987667
3NIG_2,-47.987578
4QHL_1,-47.977233
1I8K_1,-47.975446
3MUG_6,-47.975041
5EUK_1,-47.974887
3TYG_1,-47.972624
1FE8_1,-47.971202
4BH8_1,-47.96359
1CIC_2,-47.961581
1IC5_1,-47.960491
6N4Q_2,-47.958251
5SX5_1,-47.958188
1NCD_1,-47.958172
5UDC_3,-47.95751
5JOF_3,-47.952654
2HTL_1,-47.951784
6E63_2,-47.949441
5BVJ_3,-47.949418
6MB3_4,-47.938083
4P3C_1,-47.93799
5KVE_1,-47.936884
4XPH_1,-47.936372
6GFE_2,-47.935186
4UT6_1,-47.935114
3CSY_1,-47.935107
3NFP_2,-47.934658
4UT6_2,-47.93416
2B4C_1,-47.933389
1A14_1,-47.931341
3NID_2,-47.930836
6H3H_2,-47.929678
5CGY_2,-47.929002
1XCQ_3,-47.925532
5TUD_1,-47.92045
4F33_4,-47.919243
4XPG_1,-47.91901
3S36_1,-47.915797
3KYM_2,-47.908856
3T3P_1,-47.90741
1NCC_1,-47.90738
1VPO_1,-47.904083
4R7D_1,-47.902149
6CRQ_1,-47.901073
3CVH_1,-47.900894
4QHM_3,-47.900695
5E2T_1,-47.900026
4FG6_1,-47.899181
3QUM_1,-47.898696
5BZD_2,-47.894849
5VEB_2,-47.892905
3LRS_4,-47.889897
4ZSO_2,-47.887823
5TBD_3,-47.886684
1C08_1,-47.886555
1YJD_1,-47.885837
4LMQ_2,-47.885645
2IBZ_1,-47.883303
6N4Q_1,-47.882542
3R06_1,-47.881853
6DJP_2,-47.881363
1MFA_1,-47.880827
5MU2_5,-47.880708
2DQC_1,-47.878536
5FF6_1,-47.876774
3SKJ_1,-47.876705
5TUD_2,-47.874318
6B70_1,-47.871463
2YPV_1,-47.869582
5MU2_6,-47.869519
1NAK_2,-47.867573
1OAY_1,-47.867097
5TDO_2,-47.866134
5JOR_4,-47.865782
5W9M_1,-47.858434
1HQ4_2,-47.857367
6ANP_2,-47.855446
5T1M_1,-47.855306
5UIX_1,-47.850943
1BM3_1,-47.849295
5MV3_8,-47.848843
5MU2_3,-47.843733
3TV3_1,-47.842621
1E4X_1,-47.838349
3ZKM_1,-47.837185
1OTS_1,-47.836813
5VEB_1,-47.836761
4S1S_1,-47.832939
4RAU_2,-47.830116
3R08_1,-47.830008
3L5X_1,-47.827346
5D96_2,-47.826187
3MXV_1,-47.824892
5MV4_1,-47.822932
5MI0_1,-47.814488
3EOB_1,-47.809476
1I9R_3,-47.806619
3J42_3,-47.805543
3J42_1,-47.80396
5O1R_1,-47.802257
4CAD_3,-47.801268
1UZ6_3,-47.797698
4Z5R_6,-47.796982
3TWC_1,-47.795804
1I9R_1,-47.794529
4XP4_1,-47.794254
4N9G_4,-47.791561
4F33_1,-47.790366
3OAU_1,-47.789796
3VG9_1,-47.787449
2DQJ_1,-47.786161
4TRP_1,-47.782908
5JW4_1,-47.782475
5O1R_2,-47.781798
4F33_3,-47.780751
1J1P_1,-47.778138
3PIQ_3,-47.778057
3LRS_1,-47.77779
5TZU_1,-47.776423
4LEO_1,-47.771291
4WFE_1,-47.770224
3MUG_2,-47.768669
5W9H_3,-47.76758
4XPF_1,-47.757845
5MV4_8,-47.757646
1Q0X_1,-47.746648
6D01_4,-47.746357
1KB9_1,-47.744176
1EZV_1,-47.739273
5JOF_2,-47.737137
2EXY_2,-47.735503
3LS4_1,-47.73351
3EOA_1,-47.73279
1DQQ_2,-47.732713
5XRQ_2,-47.726257
3G5X_2,-47.725388
4MXV_1,-47.723922
5VTA_3,-47.722875
2OTW_2,-47.718186
6ARP_1,-47.715432
1UWG_1,-47.712566
3Q6F_5,-47.710513
5MV3_6,-47.710344
3LRS_3,-47.70974
1L7T_1,-47.706093
3S62_1,-47.705156
1HQ4_1,-47.704509
2NR6_2,-47.702708
6AMJ_1,-47.702426
5W9N_2,-47.701904
4AM0_2,-47.701066
2GSG_2,-47.700517
1I9J_1,-47.69691
5MV3_4,-47.695205
5MU2_8,-47.695092
1ZA6_3,-47.694946
2HMI_1,-47.694607
6MB3_7,-47.691877
1NGP_1,-47.68964
5XCU_1,-47.687581
2HLF_1,-47.685608
4QHK_2,-47.683258
5MU2_4,-47.682891
5MU0_2,-47.682785
5GGR_1,-47.676692
4QHM_1,-47.672423
2VDQ_1,-47.670251
5XJM_1,-47.66772
4R7N_8,-47.664798
1FBI_1,-47.661454
5W9P_2,-47.657023
5W9P_1,-47.656382
5W9P_3,-47.655514
5T1K_1,-47.653834
5MV3_7,-47.649688
5JOF_4,-47.644758
4OUU_1,-47.641685
5FYL_1,-47.636529
4PLK_1,-47.634336
4KKL_2,-47.633655
4CAD_2,-47.630609
3ZKN_1,-47.630059
2VDP_1,-47.63005
1J1X_1,-47.6295
2C1O_1,-47.622724
3LRS_2,-47.621681
6MHG_5,-47.621202
1FH5_1,-47.620192
6CRQ_3,-47.618905
1OAQ_1,-47.618688
4NKM_1,-47.617903
2VDL_1,-47.617803
3W9D_2,-47.616869
1HIM_1,-47.616855
4WFG_1,-47.616347
4QWW_1,-47.611174
4S2S_1,-47.608109
3TCL_1,-47.607746
5FUU_2,-47.605573
3B2U_2,-47.604851
6DFJ_1,-47.604093
5SX5_2,-47.602883
2DQD_1,-47.601817
5CMA_1,-47.600777
4MHJ_1,-47.596738
6BKD_1,-47.594078
5NYX_1,-47.593785
6EYO_1,-47.593472
4RIS_1,-47.591012
3KR3_1,-47.589878
6BF4_2,-47.58778
1C12_1,-47.585607
4KK6_2,-47.583171
5VPH_1,-47.582683
3RVX_1,-47.582683
6AVU_1,-47.578812
1IGF_2,-47.576484
4XP5_1,-47.575686
3UC0_1,-47.575278
5EUK_2,-47.572601
2VDR_1,-47.57123
3THM_1,-47.567105
2HLF_2,-47.563792
1BFV_1,-47.562567
4PLK_2,-47.561376
3V6F_4,-47.55734
5MV4_3,-47.555496
1NGQ_1,-47.555275
4FQ1_1,-47.554193
3B2V_1,-47.553973
1TET_1,-47.553202
4ZFO_1,-47.552519
3EJY_1,-47.550589
2DQE_1,-47.548557
6EAY_1,-47.546649
1A6V_1,-47.544511
5NIV_1,-47.54351
5MHR_1,-47.542118
6MB3_5,-47.541582
3R1G_1,-47.541184
4RAU_5,-47.54117
5VJO_2,-47.539642
2EZ0_2,-47.539178
5UTY_1,-47.538582
4H8W_1,-47.536399
1RIH_1,-47.535694
1OAU_2,-47.53557
2XRA_1,-47.533993
3HAE_4,-47.531889
3G6A_2,-47.531746
4NRY_2,-47.530095
4KKC_2,-47.529549
6DDR_1,-47.529166
1I8I_1,-47.528629
1AD9_2,-47.52812
4YAQ_2,-47.524914
1OAU_1,-47.521268
5V7R_1,-47.519131
6ARP_2,-47.518538
4Z5R_3,-47.516785
2EXY_1,-47.516681
1W72_2,-47.516269
1P84_1,-47.515546
4YHI_1,-47.51441
1J1O_1,-47.514323
4KJP_2,-47.510002
2WUB_1,-47.507915
4KTE_1,-47.5073
4PP1_1,-47.502388
5VCN_1,-47.502388
6B9J_2,-47.502209
4P3D_1,-47.501665
6CMO_1,-47.499828
2A6D_1,-47.499546
5MUB_2,-47.494577
5VJQ_1,-47.492993
4R7N_1,-47.491395
4R7N_7,-47.4816
6BJZ_1,-47.481465
2XA8_1,-47.48114
3V6F_3,-47.480851
1FBI_2,-47.477173
4BZ1_1,-47.476155
2YSS_1,-47.474173
6MB3_2,-47.472028
5VIC_1,-47.470893
3HAE_1,-47.470149
5MY4_1,-47.46666
5O7P_1,-47.463238
4Z5R_2,-47.463056
4QWW_2,-47.455167
6MB3_6,-47.450631
4KVC_1,-47.446448
1BLN_2,-47.443844
5A16_4,-47.443445
4F58_3,-47.443229
6ICF_1,-47.443001
3NID_1,-47.442519
5MU0_1,-47.441746
3EYO_2,-47.441604
1YY8_1,-47.44119
3HAE_3,-47.439297
5E2W_1,-47.439053
1CLY_1,-47.43755
4MXV_3,-47.436946
3MUG_3,-47.434829
6B7Z_2,-47.432829
1BEY_1,-47.428917
2VDO_1,-47.427834
3ZKM_2,-47.426867
4QXU_1,-47.425735
3DIF_2,-47.424828
4WFH_1,-47.424194
5VCN_2,-47.423959
4PP1_2,-47.423959
5W08_6,-47.423484
1OAK_1,-47.420275
5XCU_2,-47.419967
4CAD_1,-47.416753
4NKM_3,-47.415261
1LO4_1,-47.414216
4XNX_1,-47.413242
1MFE_1,-47.410916
5TL5_1,-47.410721
3SGE_1,-47.40837
3HAE_2,-47.399713
5D96_1,-47.399545
5W9I_3,-47.394382
4LMQ_1,-47.392537
1I9R_2,-47.392459
3ZKN_2,-47.392214
2DQU_1,-47.391534
3EYV_2,-47.389816
5XCT_1,-47.389278
1QKZ_1,-47.388945
1DQQ_1,-47.38845
1A6V_2,-47.381881
6ARU_1,-47.377589
2R9H_2,-47.375961
4KKB_2,-47.374803
3QUM_3,-47.373765
5EZL_2,-47.373593
1N7M_1,-47.367221
2DBL_1,-47.362043
5DRW_1,-47.361235
4CAD_4,-47.360951
1QFW_2,-47.356635
1NJ9_2,-47.35305
4R7N_2,-47.348084
1OB1_1,-47.347823
5BK2_1,-47.347257
6DB9_1,-47.346176
4Z5R_4,-47.345352
2EZ0_1,-47.345243
6MHG_8,-47.344612
2AJ3_1,-47.344143
4TUL_1,-47.340173
3FMG_1,-47.338401
3U46_1,-47.337402
4WHT_5,-47.333436
2DQG_1,-47.329656
5UDD_2,-47.328573
6FAX_1,-47.326523
1YY8_2,-47.325763
6EA7_2,-47.325635
4YQX_2,-47.325604
3NIF_2,-47.325082
5UDD_6,-47.322631
6NB5_2,-47.320398
4ORG_3,-47.313526
4ZS6_2,-47.311401
5C8J_3,-47.308278
6N4R_2,-47.308262
4D9L_1,-47.304837
4J8R_2,-47.304375
4TUJ_1,-47.302052
6DKJ_2,-47.300027
3U6R_1,-47.295031
6E63_1,-47.294821
5MU0_5,-47.290211
6DZW_1,-47.289731
3L7F_2,-47.289566
1DQJ_1,-47.288219
4KK5_2,-47.283887
5A16_3,-47.28384
3DIF_1,-47.280005
6APD_5,-47.278045
1MF2_2,-47.277079
1Q0Y_1,-47.276182
3V4P_2,-47.276071
4LLU_2,-47.27554
6BFQ_3,-47.275105
4LEX_1,-47.27377
3IU4_1,-47.270089
4NJA_1,-47.268499
4K9E_1,-47.268136
4BKL_1,-47.26079
6NZ7_2,-47.259264
2C1O_2,-47.257646
5WTT_1,-47.252646
5KQV_2,-47.251713
2HRP_2,-47.250583
6I8S_2,-47.250189
2HRP_1,-47.245886
2FGW_1,-47.244262
1NDG_1,-47.23842
4WFF_1,-47.23828
2VDN_1,-47.236079
4X7S_1,-47.233874
5CJS_2,-47.23327
3ZE2_2,-47.232307
1OTS_2,-47.227735
1NMA_1,-47.225486
2QAD_1,-47.225132
6B0N_2,-47.224245
1UCB_1,-47.218931
3IFP_2,-47.218021
3CXH_2,-47.217771
6BF9_1,-47.217685
4U0R_1,-47.215896
1F90_1,-47.214469
6MEE_2,-47.214086
1ORQ_1,-47.213414
2VDK_1,-47.212916
6C5V_1,-47.211957
1RHH_2,-47.211937
5TDP_2,-47.211435
1DN0_1,-47.210325
5CZV_1,-47.206072
5MU0_8,-47.204289
5VOC_1,-47.203362
3O6L_1,-47.199721
4YFL_1,-47.193057
6DDM_1,-47.192644
4KAQ_1,-47.18964
5MU0_3,-47.1876
1IGT_2,-47.18687
3PP4_1,-47.185555
5U0R_1,-47.18499
6DFI_1,-47.182483
6MTT_1,-47.17759
2W9E_1,-47.175226
5FUO_1,-47.174388
4XP1_1,-47.167824
6MB3_9,-47.166156
5CCK_1,-47.161714
4KXZ_2,-47.159355
1OTU_1,-47.156513
2NTF_1,-47.155523
3A67_1,-47.151166
5UEA_2,-47.149764
8FAB_1,-47.14801
5KQV_1,-47.147621
2VC2_1,-47.146952
2AJ3_2,-47.14572
2J6E_1,-47.144643
6BAE_1,-47.140955
4QHK_3,-47.135335
1BAF_1,-47.134334
1NL0_1,-47.131067
1CFV_1,-47.131043
2IGF_1,-47.129971
5W9K_3,-47.12679
1UA6_1,-47.121272
3CK0_1,-47.120113
6B7Z_1,-47.118947
2FL5_3,-47.1155
4RAU_8,-47.115197
1F8T_1,-47.114646
3BSZ_2,-47.114601
3L7F_1,-47.113828
3IFP_4,-47.103986
3U6R_2,-47.102883
6BI0_2,-47.10215
1MIM_1,-47.101979
6MHG_9,-47.099835
5XCX_1,-47.097693
3KYM_5,-47.094781
6QNA_2,-47.094716
4RAU_1,-47.094433
5F3H_1,-47.093243
1OTU_2,-47.093065
4KJQ_2,-47.090417
6MB3_3,-47.085761
5OD0_1,-47.085002
3A6C_1,-47.083791
2A77_1,-47.083492
1DBJ_1,-47.080231
5UDD_5,-47.078006
5E2V_1,-47.0753
6II8_1,-47.074988
5OTJ_1,-47.074365
3Q6F_2,-47.073734
6D6U_1,-47.07253
4F58_1,-47.069199
1MHP_1,-47.063196
2ZPK_1,-47.0621
6MB3_8,-47.058433
4KV5_1,-47.056354
2AEQ_1,-47.055724
6BTJ_2,-47.055109
1HKL_1,-47.054833
6GFE_1,-47.054071
6D0U_1,-47.051988
5W9I_1,-47.051977
4QHM_4,-47.046135
5GS0_1,-47.046019
5IBU_1,-47.045543
4JY6_1,-47.044905
3U46_2,-47.039367
3C6S_1,-47.038237
3GO1_1,-47.034752
4NKM_2,-47.034129
2GSI_4,-47.030803
1XCQ_4,-47.028763
6DW2_1,-47.027513
5W9I_2,-47.022983
4XP9_1,-47.022513
5T0Y_3,-47.019177
1OTT_1,-47.01889
4KQ4_1,-47.016365
4LOU_2,-47.013865
5TE4_1,-47.010679
2FED_2,-47.006516
5C8J_2,-47.002396
5MHR_3,-47.001813
3HC3_1,-46.999378
6MHG_1,-46.994201
1KCS_1,-46.994162
3S35_1,-46.991453
5JOR_2,-46.990096
4D9L_3,-46.987991
6DKJ_1,-46.984714
5BK2_2,-46.982695
5MV3_1,-46.981209
1F4W_1,-46.980569
6BB4_3,-46.979881
5DQJ_2,-46.979046
4JZO_2,-46.979015
6D2P_1,-46.976246
3O11_1,-46.973334
5WCC_2,-46.972534
3N9G_1,-46.972329
3IYW_1,-46.971327
3EFD_1,-46.970917
5VIG_2,-46.969505
3IYW_2,-46.967318
4KQ3_1,-46.966575
3Q6F_1,-46.964006
4ODH_1,-46.963874
1KB5_1,-46.961861
6BFQ_4,-46.960871
4KRP_1,-46.959267
5I17_1,-46.955594
2G2R_1,-46.954523
2J5L_1,-46.953854
3EOT_1,-46.948963
1IGC_1,-46.945596
1IGM_1,-46.941528
2QAD_2,-46.940346
1CF8_1,-46.939407
5U6A_1,-46.938078
6D6T_1,-46.935835
5X5X_1,-46.934797
3K2U_1,-46.931886
2VDM_1,-46.928593
6ICC_1,-46.920868
5MHR_6,-46.913975
1HIN_1,-46.911475
1ND0_3,-46.911346
2NY6_1,-46.911204
2PCP_1,-46.90999
3NCJ_1,-46.907417
1YEE_1,-46.907174
5U5M_1,-46.906302
4NHC_1,-46.904319
1P7K_1,-46.903455
5FYJ_1,-46.902442
4G7V_1,-46.899529
6QNA_3,-46.898136
6CDP_1,-46.897948
5XLI_1,-46.888662
6BIT_2,-46.888134
2A0L_1,-46.887805
4KJW_2,-46.886547
4YGV_1,-46.884989
4WHY_4,-46.882807
4RFN_1,-46.878223
4WHT_6,-46.874917
4WHT_3,-46.872592
6N32_1,-46.872558
6CRQ_2,-46.872236
3GJF_1,-46.866972
6E4Z_1,-46.864964
4YHO_1,-46.864378
1AP2_2,-46.863539
3CX5_2,-46.860705
4ETQ_1,-46.857389
1CK0_1,-46.856039
3IFP_1,-46.854266
6EA5_2,-46.853495
4NCC_2,-46.849588
1KNO_3,-46.848438
4RDQ_3,-46.846714
1QFU_1,-46.846403
6AVR_1,-46.839637
4YHP_1,-46.839506
5W9O_1,-46.839014
4I9W_1,-46.836916
3HI6_1,-46.832611
2A6D_2,-46.832052
3TCL_2,-46.831597
3ULU_1,-46.830861
5LGH_1,-46.830622
5L7X_1,-46.830622
6GV4_1,-46.829749
4KK9_2,-46.828199
2FL5_1,-46.826521
3SGD_2,-46.825981
5VJO_1,-46.824448
5GIS_1,-46.824059
1IL1_1,-46.823712
4DKE_1,-46.819853
3QPX_1,-46.816694
3X3G_1,-46.816559
6I8S_4,-46.808503
3IFP_3,-46.807649
6IEB_1,-46.801443
2FEC_2,-46.800818
5TIH_1,-46.800159
5W0K_1,-46.799893
6IEB_2,-46.79768
4KV5_4,-46.796618
4RDQ_1,-46.786942
5KAQ_3,-46.786709
3V4P_1,-46.78667
3KYM_7,-46.786486
6CYF_2,-46.786479
5MHR_4,-46.783624
2OTW_1,-46.778594
4BH7_1,-46.778273
5T0Y_1,-46.775283
6CYF_4,-46.774768
6D01_1,-46.771338
4NCC_1,-46.770357
4QHK_4,-46.768938
2FL5_2,-46.768055
4LLV_1,-46.766021
6BB4_2,-46.762917
5C8J_1,-46.760902
5YFI_1,-46.759074
2BDN_1,-46.757426
6AXL_2,-46.756315
5K59_2,-46.753912
2AJZ_2,-46.751963
4PS4_1,-46.748277
4R7N_4,-46.746576
4YHP_2,-46.743164
4RGN_4,-46.742625
5LQB_1,-46.741993
1MFD_1,-46.740821
6D01_2,-46.739548
5IIE_1,-46.736646
3GRW_1,-46.736385
3CM9_1,-46.732036
4WHY_1,-46.731508
4KK8_2,-46.728892
3CM9_4,-46.728651
1OPG_1,-46.728626
4WFE_2,-46.728523
3Q6F_3,-46.723259
1I9I_1,-46.721782
4OCR_1,-46.720812
3CX5_1,-46.719607
4F58_2,-46.718508
6CNJ_2,-46.717288
6CNK_2,-46.715502
3W9D_1,-46.714531
4ZS6_1,-46.714404
1DLF_1,-46.71238
6BFQ_1,-46.712319
4RAU_4,-46.712226
4OCS_1,-46.711894
1MFB_1,-46.709713
6BB4_1,-46.709648
4JZO_1,-46.709466
6AVQ_1,-46.700364
3Q6F_4,-46.697349
1UZ6_2,-46.696876
1ND0_4,-46.695884
5WCD_1,-46.69543
1V7M_2,-46.692718
5LDN_1,-46.691942
3V6F_1,-46.689831
3NH7_4,-46.689579
3PNW_4,-46.687205
1V7N_2,-46.685745
3MCK_1,-46.684699
6II8_2,-46.684385
1ETZ_2,-46.683375
5CP3_1,-46.679803
4RDQ_2,-46.679309
5T0Y_2,-46.674003
1A6U_1,-46.673304
1KC5_1,-46.672424
6AVN_1,-46.671863
2I60_2,-46.668898
3EJY_2,-46.666899
4RDQ_5,-46.666534
5MHR_2,-46.665794
4RGN_2,-46.664165
2OJZ_1,-46.663747
4NKM_4,-46.660984
5HYS_3,-46.658636
2QR0_6,-46.656345
6AL1_1,-46.655068
2V7H_2,-46.654219
5JOP_1,-46.653322
6GKU_1,-46.652111
1FVC_1,-46.651296
3B2U_6,-46.650973
4XCY_6,-46.650371
5BMF_1,-46.641123
6BFQ_2,-46.636476
1EMT_1,-46.636164
6MEF_1,-46.632477
5IBL_2,-46.630157
1ZA6_4,-46.629771
3VGA_1,-46.627149
6FLC_1,-46.626704
4R7D_2,-46.624577
4RGN_1,-46.62192
2NY5_1,-46.620375
2HT2_2,-46.618414
4Z5R_8,-46.617305
4RGO_1,-46.614699
4K7P_1,-46.611096
4YE4_1,-46.610209
3QPQ_3,-46.609391
3P11_1,-46.606979
5VL7_1,-46.606789
6MB3_1,-46.60639
5U5F_1,-46.603826
4KKA_2,-46.599689
3J5M_1,-46.597192
4LLV_3,-46.593827
3J5M_2,-46.591928
3J5M_3,-46.591223
6IEC_1,-46.588545
5GKR_1,-46.588316
6EMJ_2,-46.586715
3CLF_1,-46.586141
2XQB_1,-46.585176
5UDD_1,-46.584057
5A16_1,-46.579052
2WUC_1,-46.578849
2CK0_1,-46.578305
4IOI_1,-46.575834
4UIH_2,-46.574146
1S3K_1,-46.57317
5W9H_1,-46.572855
4YR6_1,-46.572752
5W23_2,-46.568153
3CVH_2,-46.565727
4LLY_1,-46.564899
5O4G_1,-46.559066
6CYF_3,-46.556012
5MYK_1,-46.554972
1RUQ_1,-46.551727
3GGW_1,-46.544961
1IFH_1,-46.543675
4XI5_1,-46.543504
5KAQ_2,-46.541746
3NAA_1,-46.539955
5TKK_1,-46.539394
1R70_2,-46.537705
4CKD_3,-46.537517
2GSI_1,-46.534233
6MHG_6,-46.533823
3A6B_1,-46.533433
3B2U_5,-46.533343
1MFC_1,-46.533212
4CKD_2,-46.531847
1YYL_2,-46.531325
6CEZ_1,-46.531021
4CKD_4,-46.530744
6ELE_2,-46.530644
4CKD_1,-46.52975
5KVD_1,-46.524753
1OTT_2,-46.524276
4M61_2,-46.522319
3QPQ_4,-46.520345
5SZF_1,-46.516194
6BP2_1,-46.514003
6MHG_7,-46.513935
5UDC_1,-46.510322
1H3P_1,-46.509903
4FQI_1,-46.509572
6H3H_1,-46.509328
6C6X_2,-46.507857
5BZW_1,-46.507286
5MYO_2,-46.502881
5OPY_1,-46.497704
1DBA_1,-46.496607
4FQV_1,-46.496476
1LK3_2,-46.494201
5JZ7_3,-46.49215
3PNW_1,-46.49022
5T6L_1,-46.489973
3NTC_1,-46.488931
6IEC_3,-46.48835
3NH7_3,-46.488337
5XCQ_1,-46.488265
5YSL_1,-46.487844
1RVF_1,-46.486181
5K9O_2,-46.485631
1ORS_1,-46.485591
4RDQ_4,-46.482105
3BN9_2,-46.481738
2UUD_1,-46.478271
5JZ7_4,-46.475597
2AJS_1,-46.474235
5T5N_2,-46.473508
6APC_1,-46.467403
6EA5_3,-46.465687
4FZ8_1,-46.463796
5IT2_1,-46.460673
2NTF_2,-46.458359
2QHR_1,-46.458026
5MHR_5,-46.457963
6MEH_1,-46.457172
4EBQ_1,-46.457033
3QPQ_2,-46.456421
5UDD_3,-46.454182
2I5Y_2,-46.452216
5FCU_1,-46.4519
2AP2_2,-46.450103
1R70_1,-46.448348
5T5N_3,-46.445904
3S37_1,-46.44522
3PIQ_6,-46.444842
6DZV_1,-46.442553
1V7M_1,-46.441301
6H5N_1,-46.435895
6BF7_1,-46.434181
6B9Y_1,-46.43277
1A6W_1,-46.431457
5EOQ_1,-46.427394
3WII_1,-46.425311
1CLZ_1,-46.424397
6ELL_1,-46.424249
5W4L_4,-46.419478
5GGR_2,-46.417261
6B3S_3,-46.416726
1OB1_2,-46.414348
6NZ7_1,-46.412719
5XCV_1,-46.410057
2NY0_1,-46.406708
1IQW_1,-46.406483
4ORG_2,-46.403775
1SM3_1,-46.402041
4YHZ_1,-46.401995
4G7Y_1,-46.399981
4RRP_3,-46.399094
5EII_2,-46.398781
4Q0X_1,-46.398773
5MV3_5,-46.397652
6EA7_3,-46.396535
2OJZ_2,-46.396106
2AJY_1,-46.39312
6CSE_2,-46.392808
2FAT_1,-46.389709
1ZA6_1,-46.387889
4PLJ_1,-46.385851
4QHM_2,-46.385281
4LLY_2,-46.383095
3QEH_1,-46.381328
5OCY_1,-46.376326
4R7D_3,-46.374768
6CSF_2,-46.374735
6B3S_4,-46.372599
4QF1_2,-46.366911
1KCU_1,-46.365881
1NDM_1,-46.362756
5W9K_2,-46.360135
6BT3_1,-46.360096
6BT3_2,-46.35993
6MV5_1,-46.359821
3GIZ_1,-46.358167
1HIL_1,-46.357817
3EJZ_2,-46.356852
4TTD_1,-46.352654
4PB0_1,-46.352529
4RGN_3,-46.352433
4YNY_2,-46.350592
3KS0_1,-46.346538
5GKR_2,-46.346227
4WFH_2,-46.345566
4F58_4,-46.344126
6D01_3,-46.342691
5JOP_2,-46.342452
5O4O_1,-46.340627
6AZ2_1,-46.328987
1A4J_1,-46.328059
3C6S_2,-46.327485
5XWD_1,-46.326399
5TLJ_3,-46.323769
4WHY_2,-46.323325
5UEA_1,-46.321397
3WSQ_1,-46.318686
1RZJ_1,-46.3157
3JBA_1,-46.315564
5LCV_1,-46.315093
3PNW_3,-46.314353
4FQY_1,-46.307666
5JZ7_2,-46.307424
6IEC_2,-46.306505
4XCE_3,-46.306287
4WV1_2,-46.304039
1DEE_3,-46.303766
4WV1_1,-46.303675
5UDD_4,-46.303208
5X8L_3,-46.301217
5W6G_1,-46.300415
1TZH_2,-46.299561
1CE1_1,-46.298305
6CYF_1,-46.297634
5F6I_1,-46.297216
5DRX_1,-46.296897
6BHZ_2,-46.29367
4QY8_1,-46.293541
6CNJ_3,-46.293013
4TTD_2,-46.290988
1MRE_1,-46.289901
3BZ4_1,-46.289564
1RUR_1,-46.286848
4OJF_1,-46.286691
1DBM_1,-46.286191
2HTK_2,-46.286154
2QR0_8,-46.283695
1BJ1_2,-46.28323
3LIZ_1,-46.282795
3UJT_1,-46.281754
5W9J_1,-46.278499
3L7F_3,-46.277568
1ND0_2,-46.276657
3PP3_1,-46.276644
4YZF_2,-46.276152
5XCV_2,-46.275773
5W9J_2,-46.275656
6AL0_1,-46.274823
4YWG_2,-46.272607
5W9J_3,-46.272234
4FQV_2,-46.269752
4M61_1,-46.26883
3PNW_8,-46.265944
4KXZ_4,-46.26574
1CLO_1,-46.265319
5W9K_1,-46.263173
5BK5_2,-46.258368
4YR6_2,-46.258104
5MO9_1,-46.255557
5YSL_3,-46.254396
4WFG_2,-46.252105
6BAH_1,-46.245926
6MHG_4,-46.245022
5VIG_1,-46.240811
5UMI_1,-46.239938
6FY1_1,-46.239273
4AM0_1,-46.235044
2HT4_2,-46.234787
3DUU_2,-46.234287
3IU3_2,-46.233337
5BVJ_1,-46.232713
3NZH_1,-46.229907
5JW5_1,-46.229569
5X2N_2,-46.227413
4HIX_1,-46.224035
3G5Z_1,-46.223992
6MTQ_1,-46.22283
2CGR_1,-46.22182
6D6U_2,-46.218535
6B3S_2,-46.215691
6CMI_1,-46.212599
3PIQ_1,-46.206896
4WFF_2,-46.203512
6AD0_1,-46.20039
3NZ8_2,-46.199292
1UWG_2,-46.196315
4QYO_1,-46.193991
5OBF_1,-46.191238
2AK1_1,-46.190802
1MHP_2,-46.188568
5T5N_1,-46.187115
3GJF_2,-46.186828
5XBM_1,-46.186489
3KJ4_1,-46.180153
5JQ6_1,-46.178344
2OZ4_1,-46.174292
6HIG_1,-46.173719
3DET_2,-46.172537
5K59_1,-46.171382
6IAP_2,-46.170452
5CJQ_1,-46.159879
6DCQ_1,-46.158484
6NB5_1,-46.158072
2ORB_2,-46.155905
3MCK_2,-46.153278
4ETQ_2,-46.150515
2OTU_3,-46.150466
5CP7_4,-46.149115
5UDC_2,-46.146904
1ND0_1,-46.145267
1HIM_2,-46.142819
4QXT_1,-46.141524
2C1P_2,-46.13874
4I9W_2,-46.137536
6CW2_1,-46.132892
5OCX_1,-46.131653
3MBX_1,-46.127266
5LSP_2,-46.124987
4YHY_2,-46.1246
6I04_1,-46.120167
1T4K_1,-46.119414
3F12_2,-46.117591
4QT5_1,-46.116987
3QA3_3,-46.11652
5EZJ_1,-46.115514
5XHV_2,-46.112282
2NY2_1,-46.111603
5EA0_1,-46.108863
4YGV_2,-46.107056
3NAB_1,-46.106847
4FQK_1,-46.105609
3C09_2,-46.102289
6ATT_1,-46.100518
1A6T_2,-46.10003
6O3B_1,-46.099973
6BT3_4,-46.099664
4HG4_2,-46.098657
2GSI_2,-46.09731
2OTU_2,-46.095383
4LLU_1,-46.095123
6DCA_2,-46.093907
6H5N_2,-46.093848
5KAQ_1,-46.093693
6EYN_2,-46.091795
5Y2K_4,-46.088765
6EYO_2,-46.08748
2G2R_2,-46.082964
5X2Q_1,-46.076831
3PIQ_5,-46.076507
5XMH_1,-46.074351
1G9N_1,-46.07003
3U0W_1,-46.064455
1SY6_1,-46.061837
4WEB_1,-46.059673
4YO0_1,-46.054578
1QBL_1,-46.053042
5X2Q_2,-46.051329
5BZD_1,-46.050205
2AJU_1,-46.048856
3IFO_1,-46.047574
3NH7_2,-46.045753
5IJK_1,-46.04404
4R7N_9,-46.042565
5T5N_5,-46.040968
3O2V_1,-46.038898
6ANI_1,-46.036971
4EVN_4,-46.036242
5X2M_1,-46.03212
3Q6F_6,-46.031765
4XCY_3,-46.030773
5A7X_1,-46.030361
1YMH_1,-46.029246
5A8H_2,-46.028923
5A8H_1,-46.028694
5A8H_3,-46.027135
5A7X_3,-46.027085
1RZK_1,-46.027064
1A3L_1,-46.026238
3NA9_1,-46.026204
5A7X_2,-46.02563
5BK5_3,-46.025122
4FQV_3,-46.023101
2BRR_1,-46.017607
5I1L_2,-46.016994
5X2N_1,-46.016879
4NP4_2,-46.016645
1GGI_1,-46.013008
3KS0_2,-46.011578
2HTL_2,-46.011373
4EVN_3,-46.010427
6QN8_5,-46.008193
4V1D_1,-46.00523
1EGJ_1,-46.003525
3PNW_2,-46.002842
4EVN_8,-45.999887
3B2U_1,-45.997516
5Y2K_2,-45.997344
5NUZ_2,-45.996721
3BZ4_2,-45.995978
5UBZ_1,-45.995254
4EVN_2,-45.990095
5T1D_1,-45.988686
4YHM_1,-45.987884
5CJS_1,-45.987625
5X8L_5,-45.987413
3B2U_7,-45.981224
4Q9R_1,-45.978935
2OK0_1,-45.978188
3KLH_1,-45.976573
1P7K_2,-45.973792
4RIR_1,-45.973722
5I1L_1,-45.973407
1QLR_1,-45.972907
5W9N_1,-45.968944
6DZZ_1,-45.959992
5JZ7_1,-45.959803
3CMO_1,-45.955109
5T4Z_1,-45.953439
4PY8_1,-45.949518
4YNY_1,-45.941018
5KZC_2,-45.940727
6MNF_2,-45.939724
6FLA_2,-45.937249
4LRI_1,-45.936594
6B3S_1,-45.936025
1S5I_1,-45.934623
6FY0_2,-45.934053
6D6T_2,-45.933728
5OTJ_2,-45.929722
6HJQ_3,-45.922493
1ZA6_2,-45.921656
6ELJ_1,-45.917475
2QR0_3,-45.916776
1HYS_1,-45.911402
5L88_1,-45.911288
3D85_1,-45.910264
3PNW_6,-45.90987
6HKG_1,-45.909369
6EMJ_1,-45.907193
4QHK_1,-45.906691
4JM2_1,-45.906408
5MYX_1,-45.905059
5IIE_2,-45.904552
6D11_1,-45.90186
5EU7_2,-45.898128
3O2W_1,-45.897086
3EYV_1,-45.893904
4P59_1,-45.893644
5EU7_1,-45.892477
3VG0_1,-45.890669
2FL5_4,-45.886402
6B5L_1,-45.885308
1BJ1_1,-45.884054
5BVJ_4,-45.883823
1KFA_1,-45.883157
5TQQ_1,-45.879088
1NC2_2,-45.878785
4EVN_5,-45.876927
2NXY_1,-45.876453
5TQQ_2,-45.876323
1RUP_1,-45.874791
5FGB_1,-45.871777
2EKS_1,-45.868465
4EVN_7,-45.867731
1ZEA_1,-45.866972
3I9G_1,-45.866068
6C6Y_2,-45.865696
2DQI_1,-45.864349
5L9D_1,-45.863899
1YYM_2,-45.859263
1MRF_1,-45.858068
1MRC_1,-45.857735
3QG7_1,-45.856883
4FQJ_1,-45.856705
5ITB_1,-45.85585
2R0Z_1,-45.855633
2NY4_1,-45.855238
5UOE_5,-45.854967
4YHP_3,-45.852495
1RZ8_2,-45.85095
5BV7_1,-45.847172
3INU_1,-45.840719
5VIY_1,-45.836418
2J6E_2,-45.835373
5X2P_1,-45.832723
1G9M_1,-45.832488
6B5M_1,-45.831095
2I9L_1,-45.826068
3CLE_1,-45.825776
6ELE_1,-45.823573
3BKY_1,-45.819407
4EDW_1,-45.816405
1KNO_2,-45.814601
3S34_1,-45.813747
4U1G_2,-45.804723
5T33_1,-45.804687
1TZH_1,-45.801524
3IU3_1,-45.797389
5JQD_2,-45.79653
6BSP_1,-45.795908
1CR9_1,-45.794925
1T66_2,-45.791117
3PNW_5,-45.790796
2O5Y_1,-45.788607
6FLB_1,-45.786998
5I17_2,-45.786658
4EVN_6,-45.786273
3PIQ_2,-45.777813
4KV5_3,-45.777702
3U36_1,-45.774212
4YHP_4,-45.773511
3U30_1,-45.771341
3VI3_1,-45.768567
3BZ4_3,-45.766288
6BF7_2,-45.765618
32C2_1,-45.765495
3Q6G_1,-45.762474
4FQK_2,-45.761843
3J8Z_1,-45.759236
3J8Z_2,-45.758567
3J8Z_4,-45.757617
5EZI_1,-45.757324
3J8Z_3,-45.755622
2EH7_1,-45.755114
3J30_4,-45.752608
5A3I_1,-45.749302
3HMX_1,-45.748933
3J30_3,-45.748293
3J2X_4,-45.746521
3J2X_3,-45.746044
6IW0_1,-45.745649
3J30_2,-45.745002
3J30_1,-45.744457
3J2X_1,-45.744117
3J2X_2,-45.743922
4YO0_2,-45.74373
1F11_2,-45.74234
4XCY_2,-45.740056
5XXY_1,-45.737696
3HI6_2,-45.737418
6FLA_1,-45.732657
2AJ3_3,-45.731994
5NUZ_1,-45.731674
5KVF_1,-45.730473
6IEC_4,-45.729947
4OD2_1,-45.726736
2QR0_1,-45.724888
4XBP_1,-45.72263
6DF2_1,-45.722554
3QA3_1,-45.717491
6I8S_3,-45.717132
6ELJ_2,-45.716243
2NY3_1,-45.714281
1PKQ_2,-45.714038
5T5N_4,-45.713143
6I04_2,-45.713037
5VK2_3,-45.711049
3IFO_2,-45.710101
5VIY_2,-45.708097
1WCB_1,-45.707915
3PIQ_4,-45.69789
4D3C_1,-45.697581
5NBW_2,-45.697538
3RAJ_1,-45.696826
4UU9_1,-45.694387
4AL8_1,-45.694132
4JHW_1,-45.693934
6BT3_3,-45.69223
6O3A_1,-45.690411
4G6J_1,-45.679841
4YZF_1,-45.677669
1UZ6_4,-45.677357
1T3F_1,-45.677224
6CXL_1,-45.676294
5X2P_2,-45.67456
2A0L_2,-45.674556
3NN8_2,-45.674316
4YZF_3,-45.673104
6E9Q_1,-45.672123
2GK0_1,-45.67143
1MQK_1,-45.669397
2NXZ_1,-45.666847
3C6S_4,-45.665423
4JZO_4,-45.663823
3ZTN_1,-45.660026
5FB8_1,-45.658182
6FLC_2,-45.657908
1T4K_2,-45.655529
1FN4_1,-45.652709
1MNU_1,-45.65262
5L0Q_2,-45.651711
4RFO_1,-45.650013
6MH2_1,-45.648241
1VGE_1,-45.647319
1AFV_1,-45.647194
4X0K_1,-45.641977
1R0A_1,-45.638292
2VQ1_1,-45.637942
5W0K_2,-45.635791
2E27_1,-45.632052
1DEE_2,-45.631725
6BLA_1,-45.631267
4Y5V_2,-45.631011
6EYN_1,-45.630522
5I66_1,-45.625384
5N09_2,-45.624377
3KYM_4,-45.624313
5IBL_1,-45.621478
4HJ0_1,-45.621287
1Q72_1,-45.621234
6FAB_1,-45.619963
3KDM_2,-45.619044
5FHC_2,-45.618268
2QR0_5,-45.617808
1YYL_1,-45.614889
6AND_1,-45.612422
6CNK_1,-45.611908
4ZSO_1,-45.609681
3FO9_1,-45.607683
2EIZ_1,-45.607565
1ZA3_1,-45.604355
4JFZ_1,-45.602713
1AP2_1,-45.60092
5CP7_2,-45.597928
5GS1_2,-45.595445
2AJX_1,-45.59369
2V7H_1,-45.59241
2HT3_2,-45.591764
6I8S_1,-45.59113
3HR5_1,-45.590031
5DFV_2,-45.589493
2RCS_1,-45.587887
4R7D_4,-45.586014
1QYG_1,-45.584869
1NSN_1,-45.584636
4NNP_2,-45.58457
5XCS_1,-45.581757
1MJ8_1,-45.579282
2QR0_7,-45.568935
5I1A_2,-45.568542
5VR9_2,-45.566452
6IAS_1,-45.565218
1A0Q_1,-45.564598
5XHF_1,-45.563756
5TE6_1,-45.56262
3F58_1,-45.561977
1QLR_2,-45.561077
6CSF_1,-45.561053
4JG1_1,-45.560781
2FR4_1,-45.5606
1F58_1,-45.559857
2NY1_1,-45.5582
5VSH_1,-45.556554
5JO5_1,-45.556254
6ELL_2,-45.556108
6C6X_3,-45.552491
3B2U_3,-45.552359
1FOR_1,-45.551612
3INU_2,-45.540524
6NC3_4,-45.539849
6NC3_1,-45.539849
6NC3_6,-45.539717
6NC3_3,-45.539717
6NC3_5,-45.539494
6NC3_2,-45.539494
3CXH_1,-45.53873
4MAU_1,-45.53454
4YHY_1,-45.531482
5N2K_8,-45.531289
5W23_3,-45.530618
3U36_2,-45.527761
3I2C_1,-45.526757
5YSL_2,-45.526103
4Y5V_3,-45.526054
6C6Y_1,-45.525873
2B0S_1,-45.522339
4HLZ_2,-45.522226
4NRX_1,-45.518381
6E4Y_1,-45.51837
2B1H_1,-45.517929
5T4Z_2,-45.516303
1RJL_1,-45.515826
4ZYP_1,-45.515461
1F11_1,-45.513639
4LQF_1,-45.512514
3NH7_1,-45.511778
1KFA_2,-45.511179
5KVL_1,-45.510746
5IFH_1,-45.509409
3SDY_1,-45.508963
5VSH_2,-45.508764
4K7P_2,-45.508618
2FEE_2,-45.502389
1CL7_1,-45.502345
3LH2_2,-45.500483
6BFT_1,-45.496632
5D7S_1,-45.494325
4R7N_6,-45.491837
3CHN_1,-45.491346
6O3B_2,-45.491083
2QTJ_1,-45.490127
2QTJ_4,-45.489748
2QR0_4,-45.487352
2ESG_1,-45.48719
2OTU_4,-45.481703
2IPU_1,-45.479346
1PKQ_1,-45.476633
6GV1_1,-45.476165
3CHN_2,-45.473923
1XCQ_2,-45.472623
6DF1_1,-45.472482
1A3R_1,-45.472262
3NFS_1,-45.470957
3B2U_4,-45.469881
1T66_1,-45.468689
5B8C_4,-45.468089
5I1J_1,-45.46748
3QA3_2,-45.466816
6N2X_2,-45.466568
3RVV_1,-45.46474
5W6C_1,-45.464667
1KNO_1,-45.463633
5DRX_2,-45.463556
1LK3_1,-45.462784
5TRP_1,-45.459838
1MVU_1,-45.45788
6N35_1,-45.454
3O6K_1,-45.453835
1DN0_2,-45.453049
3OAY_1,-45.452673
1IBG_1,-45.44938
3B2U_8,-45.448048
5YE4_1,-45.446059
5IJK_2,-45.440745
4M5Z_1,-45.437722
4QNP_2,-45.437718
5BVJ_2,-45.435767
5BK5_1,-45.434186
4HFU_1,-45.432032
6CSE_1,-45.431898
3U36_4,-45.428856
5GZO_1,-45.428674
5TGB_1,-45.428267
2BMK_1,-45.426929
2I60_1,-45.425926
6AZ2_2,-45.425363
5X2O_1,-45.423768
6HJP_3,-45.423442
6D11_2,-45.423124
4TSC_1,-45.420152
2QR0_2,-45.419558
4XML_1,-45.418577
5VPL_1,-45.415218
1LO2_2,-45.414404
5YOY_2,-45.414288
4XCE_2,-45.410615
1RUM_1,-45.409618
4OB5_1,-45.409609
3V6O_2,-45.408568
5FGB_2,-45.402503
2Y5T_1,-45.402211
3HI5_1,-45.397923
3C5S_2,-45.397334
4L5F_1,-45.393433
2AJV_1,-45.393408
5NBW_1,-45.389481
5D93_1,-45.38925
2I9L_4,-45.383736
3GNM_1,-45.383211
4XRC_2,-45.381592
4UT7_1,-45.381346
4TSA_1,-45.377449
2HH0_1,-45.377041
4XX1_1,-45.376789
4LVH_4,-45.376784
3RKD_2,-45.37497
3EYU_1,-45.372765
3U36_3,-45.371394
5JOF_1,-45.366064
3NAC_1,-45.365689
4LKX_1,-45.365629
5GS0_4,-45.364885
3C6S_3,-45.364222
5WI9_2,-45.364139
1AJ7_1,-45.362317
3U2S_2,-45.358784
4XMK_1,-45.35844
2I9L_2,-45.356227
4M1C_1,-45.353141
2O5Z_1,-45.348132
3NN8_4,-45.34486
1RHH_1,-45.344466
4R7D_5,-45.341919
4PLJ_2,-45.341786
6AZM_2,-45.333514
1JGV_1,-45.330903
6GC2_1,-45.328306
1DBB_1,-45.325386
5I1I_1,-45.324031
6O39_1,-45.323592
3KJ4_2,-45.323398
5GS0_3,-45.319322
1A6V_3,-45.316484
5WI9_1,-45.314503
3V6O_1,-45.313827
6DC7_2,-45.31166
1AFV_2,-45.309914
3U4E_2,-45.306491
1YYM_1,-45.305942
6E65_1,-45.303756
4NKD_2,-45.302602
5GS1_1,-45.302336
4G6K_1,-45.301239
2G5B_2,-45.30041
2GJZ_1,-45.299794
5CP7_1,-45.295226
2GJZ_2,-45.294937
3C09_1,-45.294564
1PG7_3,-45.293728
4XMK_3,-45.291598
3EYQ_1,-45.289779
5AWN_1,-45.289552
6HF1_1,-45.288604
1MRD_1,-45.284708
6B9J_1,-45.282714
6D0U_2,-45.277608
2GSG_1,-45.277395
1JPT_1,-45.274488
3EYS_1,-45.274228
4WHT_2,-45.272504
4Y5V_1,-45.270509
4NKD_3,-45.270371
3QA3_4,-45.26427
4M7J_1,-45.263788
5XHV_1,-45.263597
6MHG_3,-45.258551
5WEQ_1,-45.258495
4ZYP_6,-45.254447
4OCX_1,-45.249925
1ZA3_2,-45.248765
5WCC_1,-45.242866
5UBY_1,-45.241882
1LO0_1,-45.240728
4M8Q_2,-45.240621
1PG7_2,-45.240286
1XF4_1,-45.239856
5EII_1,-45.236995
1NC4_2,-45.236072
4XWG_1,-45.234288
3E8U_1,-45.233043
6C6X_4,-45.231548
6CXG_2,-45.230913
1GC1_1,-45.227868
5X8L_1,-45.227353
5XMH_2,-45.226747
5DQJ_1,-45.226678
2XQY_2,-45.226191
4XCY_5,-45.225609
1RFD_1,-45.22422
3H3P_2,-45.220456
1HIL_2,-45.216939
3WKM_2,-45.216761
1LO2_1,-45.212532
4D9L_2,-45.212327
4PY7_1,-45.211678
6B5O_1,-45.210256
1RUA_1,-45.210255
6APB_1,-45.210188
4KV5_2,-45.205189
1PLG_1,-45.204094
4R7N_5,-45.199476
6HJQ_2,-45.199174
1JFQ_1,-45.197002
2BMK_2,-45.193615
5CZX_2,-45.19264
1A4J_2,-45.19264
4NKI_1,-45.190816
4ODX_2,-45.190068
4XBP_3,-45.181331
5FYK_2,-45.17877
5IK3_1,-45.178472
5VVF_1,-45.177589
1AR1_1,-45.175537
6MSY_1,-45.175275
5OCK_1,-45.174954
1LO0_2,-45.17465
2VXV_1,-45.174077
5VK2_1,-45.171196
4TSB_1,-45.170463
5N09_1,-45.168726
4YAQ_1,-45.167469
5FGC_1,-45.167047
4WHT_1,-45.165243
4LVO_1,-45.161124
6HF1_2,-45.161096
4NJ9_1,-45.160946
4ZD3_1,-45.157687
5WUX_2,-45.156278
3GBN_1,-45.15624
5TE7_1,-45.144354
6A4K_2,-45.140618
4IML_1,-45.139625
1WCB_2,-45.136829
3U4E_1,-45.136672
4JDT_1,-45.134022
4YZF_4,-45.130232
5GGS_2,-45.128605
3GI8_1,-45.127643
5YE3_1,-45.127291
4XBP_4,-45.125791
6HKG_2,-45.124472
3FO9_2,-45.122763
5W4L_1,-45.118054
5FHB_1,-45.115281
4HLZ_1,-45.114398
3GJE_1,-45.114018
4RIR_2,-45.112175
3J8V_4,-45.11215
4UTB_2,-45.109947
3J8V_3,-45.109615
3J8V_2,-45.107407
3J8V_1,-45.106829
6D0U_3,-45.102267
3BZ4_4,-45.101486
6AL4_2,-45.097949
4LVH_2,-45.092059
6N2X_1,-45.084849
5U4R_1,-45.084696
5YOY_6,-45.084013
4GMS_1,-45.083678
6MEE_1,-45.083473
1CZ8_1,-45.082949
1Q9O_2,-45.081043
4HXA_1,-45.079968
5XLI_2,-45.079891
5WUV_1,-45.07538
4WHT_4,-45.072992
6CXG_1,-45.072296
3J8W_2,-45.072022
3J8W_1,-45.071511
1NCW_1,-45.070797
3J8W_4,-45.069772
3J8W_3,-45.069064
1I3G_1,-45.066343
3PNW_7,-45.06313
4UT9_4,-45.061879
3HI1_2,-45.061151
5L0Q_1,-45.060023
6IW2_3,-45.059848
5JRP_1,-45.0578
6QN9_1,-45.056367
3CVI_1,-45.053912
5JO5_3,-45.051928
2Y6S_2,-45.050952
5DUM_1,-45.050174
4ZYK_2,-45.048246
4AMK_1,-45.047629
6AL4_3,-45.047184
2GCY_1,-45.044538
6IVZ_1,-45.041458
6OE5_1,-45.037292
6QNA_4,-45.032676
6C5K_1,-45.029598
2I5Y_1,-45.029024
4G6M_1,-45.028284
4HJ0_2,-45.027311
5GS1_3,-45.026522
4OII_1,-45.026079
2A6J_1,-45.0229
4OII_2,-45.017948
5C7X_1,-45.016753
6CNJ_1,-45.015972
6HJP_1,-45.015787
2A6J_2,-45.01214
4JM4_1,-45.011037
3TNN_1,-45.01079
1RUK_1,-45.008285
3P0V_1,-45.007841
5TR1_1,-45.00686
6A4K_3,-45.005027
4HG4_4,-45.003066
2XTJ_1,-45.002443
2O5X_1,-45.001256
2C1P_1,-45.00007
4NUJ_1,-44.998048
4RFE_4,-44.997947
5TR1_2,-44.997222
4ZYP_5,-44.992577
4UT9_2,-44.992342
3P0Y_1,-44.991561
1XF4_2,-44.989533
5I1D_1,-44.989132
6ML8_1,-44.988988
2J4W_1,-44.988133
3IU3_3,-44.987792
6MTP_1,-44.986244
5JO5_4,-44.984495
5I1H_1,-44.982347
3RKD_1,-44.980718
5X8M_1,-44.97863
4M43_1,-44.977745
4YK4_1,-44.976506
4FQR_6,-44.973993
3DVN_2,-44.972534
6CXL_2,-44.972404
4C83_2,-44.968789
6FY0_1,-44.967822
5VAG_1,-44.961093
6OKP_1,-44.959983
3U9U_1,-44.954941
3J3O_1,-44.953719
6IW2_1,-44.951309
1FPT_1,-44.951175
3J3P_1,-44.950659
4JY4_1,-44.947142
6FBJ_1,-44.945842
6QN8_6,-44.942361
3TT1_1,-44.938001
6B0G_1,-44.937963
5UOE_2,-44.9356
5X2M_2,-44.934996
5I19_1,-44.934785
6DCA_1,-44.933273
6NOV_1,-44.932441
3H3P_1,-44.931364
3BAE_1,-44.931349
4XCC_1,-44.927148
3QUM_2,-44.925169
1ADQ_1,-44.923257
5VXR_1,-44.923026
4D9L_4,-44.917164
5T5B_1,-44.912993
5B8C_1,-44.908246
2Y6S_1,-44.906896
4IRZ_1,-44.905804
4JZO_3,-44.903373
4LVH_1,-44.9014
6AL5_1,-44.894093
3PP3_2,-44.887753
5ERW_1,-44.886979
1XF3_2,-44.886416
4HS6_2,-44.882693
4KMT_1,-44.877688
4IJ3_1,-44.872391
4F57_1,-44.872068
4R96_1,-44.870534
2QQK_1,-44.870246
4U6G_1,-44.869589
3G6A_1,-44.866763
4U1G_1,-44.864977
5VGJ_1,-44.864029
4IDJ_1,-44.857201
1RUL_1,-44.857193
6MNF_1,-44.856321
3BKM_1,-44.85556
4XAK_1,-44.854657
4NRX_3,-44.852258
5VK2_2,-44.85181
2CJU_1,-44.847911
4XCN_6,-44.846713
6B3K_1,-44.846286
2FX8_2,-44.843978
1GAF_1,-44.843319
3QEH_4,-44.842485
5W08_1,-44.840373
1MH5_1,-44.840181
4N8C_2,-44.836931
5Y2M_2,-44.835745
1XF3_1,-44.835512
6BFT_2,-44.833367
4X0K_2,-44.833161
5Y11_1,-44.831978
4UT9_1,-44.831329
4LLW_1,-44.826562
4QCI_2,-44.822234
4ZYP_4,-44.821502
5YOY_4,-44.816221
4HQQ_1,-44.815327
4QNP_1,-44.815235
4PY7_2,-44.813676
3FO0_1,-44.813603
4RBP_1,-44.813552
4XCN_5,-44.812566
4FNL_2,-44.810534
4WHT_9,-44.807683
1FVD_2,-44.807658
5I5K_1,-44.807584
4YBQ_1,-44.807563
3U2S_1,-44.805711
4NZR_1,-44.802296
3LH2_3,-44.799891
3DV6_1,-44.797826
4F37_2,-44.796961
5OD8_1,-44.796014
1FVC_2,-44.795812
3TT1_2,-44.795697
5C0S_1,-44.795246
6BZY_1,-44.790183
6QN8_1,-44.788894
6BZV_3,-44.787581
5GGS_1,-44.785607
4LKC_1,-44.784675
6AZX_1,-44.782349
4FQR_3,-44.781974
1F3D_1,-44.781147
6N8D_2,-44.780125
1N5Y_1,-44.778299
4GMS_3,-44.773201
3MCL_1,-44.768763
5GZO_2,-44.764122
5XHG_1,-44.76171
2OQJ_2,-44.761285
1ETZ_1,-44.760129
1WC7_1,-44.759831
5JO4_1,-44.757525
4CMH_1,-44.754236
6CMG_1,-44.754013
6ANP_1,-44.753349
5UMN_2,-44.752526
6HJP_2,-44.745134
4KZD_1,-44.744416
2F58_1,-44.744259
5UOE_1,-44.743992
5WUX_3,-44.743061
6D9W_1,-44.740575
4HF5_1,-44.737139
4XGZ_7,-44.736934
4NRZ_1,-44.731941
3OAZ_1,-44.72362
6IW2_4,-44.721156
6QN8_4,-44.72013
6AL4_1,-44.717152
3MO1_1,-44.716061
1RU9_1,-44.706318
2BRR_2,-44.705555
3DVG_1,-44.703035
6MZJ_1,-44.701982
3LHP_2,-44.701804
5WL2_1,-44.700501
1Q9W_1,-44.698808
6MYY_1,-44.697561
6MYY_3,-44.697125
4YXL_1,-44.695762
6MZJ_2,-44.695747
6MYY_2,-44.694881
2G5B_1,-44.694266
1T03_1,-44.692371
5UTZ_1,-44.691768
4WHT_7,-44.690405
6B70_2,-44.689748
5UR8_1,-44.686493
4ALA_1,-44.685997
5WK3_3,-44.68579
5TPN_1,-44.684481
5D93_2,-44.68309
4FP8_1,-44.682123
3QEH_3,-44.67666
6CO3_1,-44.670955
6DC9_2,-44.670335
4WHT_8,-44.668851
5MP1_1,-44.668767
4TPR_1,-44.667821
4QTI_1,-44.662726
3TT3_1,-44.659867
6DCV_1,-44.659265
4IMK_2,-44.659102
2V7N_1,-44.657566
4RFN_2,-44.649037
5TFW_1,-44.64892
5N0A_2,-44.642162
5CP7_3,-44.640924
4FQR_4,-44.634005
5JXE_1,-44.631658
5BV7_2,-44.6297
4NRZ_2,-44.629317
5KJR_1,-44.627331
5MVZ_1,-44.625168
3MLX_2,-44.624726
4UTB_1,-44.622257
4AM0_3,-44.620143
5I8H_4,-44.619369
4U6G_2,-44.61774
3HI1_1,-44.616905
3QPQ_1,-44.615047
1MH5_2,-44.606585
1JGU_1,-44.606509
3LH2_4,-44.606407
6BLI_3,-44.604471
6DC7_1,-44.600566
3U7Y_1,-44.599219
1JPS_1,-44.598659
3ZTJ_3,-44.59721
5W3M_1,-44.594413
6J5F_1,-44.592557
1T04_2,-44.586365
4PLK_4,-44.583378
1RIV_1,-44.580888
2W65_2,-44.580493
6II4_1,-44.579022
1IGT_1,-44.577772
5YWF_1,-44.576998
3CMO_2,-44.572896
4FQR_5,-44.572643
1RIU_1,-44.570805
1CZ8_2,-44.567773
2JEL_1,-44.561893
4RRP_1,-44.557802
6FY2_1,-44.557218
6BLI_4,-44.556942
4M93_1,-44.556636
6CXY_1,-44.555471
4YBQ_2,-44.552559
2IPT_1,-44.552245
5IQ7_1,-44.55057
5N7W_2,-44.548555
6BZV_4,-44.547985
5BK5_4,-44.547241
5CWS_2,-44.544437
1D5B_2,-44.54373
4JHA_1,-44.542274
5WL2_2,-44.534617
4JJ5_1,-44.534289
1IT9_1,-44.533898
2FR4_2,-44.533233
1GIG_1,-44.529933
3U9P_2,-44.526028
6MHG_2,-44.52247
5W24_1,-44.522103
6MTO_1,-44.521392
5JQD_1,-44.517883
5LSP_1,-44.517033
4OSU_1,-44.516315
3CXD_1,-44.511081
4XNQ_2,-44.508896
4JFX_1,-44.507783
5UTZ_3,-44.507005
5A3I_2,-44.504229
6CUE_2,-44.503605
3UJI_1,-44.50014
5WHK_1,-44.497281
4QXG_1,-44.494848
3ULU_2,-44.494258
1LO3_2,-44.492127
4NNP_1,-44.491435
2W65_1,-44.476155
5YOY_1,-44.474884
1AHW_2,-44.471856
6N35_2,-44.46806
4FQR_2,-44.466964
5JO5_2,-44.466287
6CDM_1,-44.466122
6D0U_4,-44.464529
4UT9_3,-44.462235
3GGW_2,-44.460903
3FN0_1,-44.460131
3FO1_1,-44.459784
5YY5_2,-44.459531
6NCP_2,-44.457468
4YDI_1,-44.455618
5B8C_3,-44.452145
4LIQ_1,-44.448832
4YDJ_1,-44.447166
4OLW_1,-44.447138
1I7Z_2,-44.442848
6DF2_2,-44.442725
6BZV_2,-44.440114
3LDB_1,-44.438128
3MLY_2,-44.429503
4RBP_2,-44.425983
3KJ6_1,-44.422746
6OKP_3,-44.42247
4R3S_1,-44.415325
4UU9_2,-44.415073
3OZ9_1,-44.41183
5N2K_6,-44.410667
4NKO_3,-44.409922
4C83_1,-44.406846
3QHF_1,-44.406785
4FQR_8,-44.399723
1WEJ_1,-44.397053
5CEX_2,-44.386731
3DVN_1,-44.383226
5KEN_2,-44.376431
5D72_1,-44.374148
3BKJ_1,-44.373782
6E62_2,-44.367754
5GS1_4,-44.366359
3U30_2,-44.365926
6DCA_4,-44.365403
5T80_1,-44.365164
4HG4_1,-44.364682
4YK4_2,-44.359337
5VYF_2,-44.35773
3MJ8_2,-44.357539
3HC0_1,-44.357534
3QCV_2,-44.351522
2V7N_2,-44.351347
4HLZ_3,-44.349902
1XF2_1,-44.349676
6B5S_1,-44.346645
1MHH_1,-44.34469
2IQA_1,-44.342941
1T2Q_1,-44.341563
4G6F_1,-44.330843
4XNM_2,-44.329565
3WHE_6,-44.327358
5W08_2,-44.327358
4RFE_3,-44.323573
4FNL_1,-44.323212
3TNN_3,-44.322849
5GGV_1,-44.320978
6A3W_4,-44.319866
3HC0_2,-44.318917
3U9U_2,-44.31814
6HJQ_1,-44.315001
5WKO_3,-44.31415
3ULV_2,-44.312978
5OB5_1,-44.309554
1INE_1,-44.309465
1LO3_1,-44.302664
5X2O_2,-44.302595
4HG4_5,-44.301843
5VOD_1,-44.301128
1WC7_2,-44.301023
5TH9_2,-44.296927
4FQR_9,-44.296088
6MUG_1,-44.29565
6DZN_1,-44.295618
6MI2_1,-44.293841
4AM0_4,-44.29372
1Q9O_1,-44.292657
6CUE_3,-44.291277
4WHY_3,-44.289309
4XAK_2,-44.287643
2R4S_1,-44.287532
1UJ3_1,-44.286072
4GXU_1,-44.285877
4XTR_2,-44.28435
6BFS_1,-44.283598
2R0W_1,-44.280901
6AZX_2,-44.280181
2IPU_2,-44.279783
5WOB_2,-44.276304
5CWS_1,-44.275232
1XCQ_1,-44.273757
1F4X_1,-44.273678
3LQA_1,-44.268007
3FO1_2,-44.265498
5O14_2,-44.264067
6DEZ_2,-44.26387
5UTZ_2,-44.260062
5I8C_1,-44.259809
5I8H_2,-44.259617
5I1K_1,-44.254561
4KY1_1,-44.25356
3T77_1,-44.252181
6NC2_1,-44.252099
6NC2_4,-44.251686
3LD8_1,-44.250272
6BZV_1,-44.249629
6NC2_2,-44.248734
6NC2_5,-44.248734
3VI4_1,-44.247857
6NC2_6,-44.245907
6NC2_3,-44.24587
1ZVO_1,-44.242293
1ZVO_2,-44.241673
3VI4_2,-44.24055
5FEC_1,-44.23596
6BLH_1,-44.235954
4DGI_1,-44.234045
6IAP_1,-44.231502
4G6A_1,-44.231229
6B14_1,-44.227025
3EO1_4,-44.226447
5W06_1,-44.225817
2I9L_3,-44.225727
3EO1_2,-44.224906
1HEZ_2,-44.223906
6IEK_1,-44.222162
6DCV_2,-44.212825
4GAG_1,-44.211686
1XCT_2,-44.209367
1Q9W_2,-44.208676
4DKF_2,-44.207662
3GI9_1,-44.206807
1NC2_1,-44.206611
4ZYP_3,-44.203672
6FS0_1,-44.203141
6JEP_2,-44.20132
6N81_1,-44.200163
3UJJ_1,-44.195622
4XGZ_5,-44.195536
4GAJ_1,-44.193102
1AD0_1,-44.190602
3BGF_2,-44.189898
4XCY_1,-44.186546
5UOE_4,-44.183804
1UYW_2,-44.183609
4NUG_1,-44.178004
1XF5_2,-44.177523
5XHF_2,-44.176413
5UQY_2,-44.171961
4LLV_2,-44.170804
5OCC_1,-44.167935
1NC4_1,-44.164255
6GK8_1,-44.162878
43C9_1,-44.16222
5WKO_5,-44.159458
1I7Z_1,-44.158833
1QGC_1,-44.158237
1AD0_2,-44.155169
5UTZ_4,-44.153381
6E5P_1,-44.152313
4K3J_1,-44.152034
3O11_2,-44.151976
6E5P_3,-44.15152
1UWX_2,-44.150524
3BDY_1,-44.147327
3EO1_1,-44.147035
3EO1_3,-44.144713
6APD_4,-44.142898
2G5B_3,-44.142629
4NKO_2,-44.140857
4JKP_1,-44.140564
5ZMJ_1,-44.133326
6B0W_1,-44.131985
6MUB_2,-44.131609
4C2I_2,-44.13159
2B1A_1,-44.130828
3Q3G_1,-44.130435
6QN8_2,-44.128908
5C0R_1,-44.128257
1RZ8_1,-44.126661
6CUE_5,-44.1208
6B0H_1,-44.114013
2UUD_2,-44.113183
5TPL_1,-44.111994
4WY7_1,-44.110738
5B8C_2,-44.107847
2HWZ_1,-44.107405
5B6F_1,-44.106788
3RVU_1,-44.105266
1UWX_1,-44.104198
4FP8_3,-44.10368
5U4R_2,-44.103649
1CT8_2,-44.097451
6BZW_1,-44.096039
3ULS_1,-44.093588
6BZW_2,-44.086781
1KCR_1,-44.086669
6DF0_1,-44.085853
4JN1_1,-44.085366
6C6Z_1,-44.083438
4JFY_2,-44.079759
4NKO_1,-44.078527
6C6Z_2,-44.078473
3IFN_1,-44.077999
1FGN_1,-44.073583
4MA3_2,-44.072354
5WK3_2,-44.071951
6MU3_1,-44.07194
4XCE_1,-44.070033
3SGD_1,-44.068533
1F3D_2,-44.067248
3EO0_2,-44.067004
3P0V_2,-44.066636
5W08_5,-44.060508
4QCI_1,-44.057464
3QWO_2,-44.055105
4FQR_7,-44.055019
4Q9Q_1,-44.052087
4XBG_6,-44.050167
4XVU_1,-44.048502
3Q3G_2,-44.048321
3I02_1,-44.048283
3UJT_2,-44.046933
3I02_2,-44.044725
2R2E_1,-44.04393
5VR9_1,-44.042342
1N6Q_1,-44.038248
3QNY_1,-44.03503
5CIN_1,-44.031775
5DMI_1,-44.029779
3BKC_1,-44.022082
5V2A_1,-44.019576
6NOV_2,-44.016817
2XQY_1,-44.015731
1DEE_1,-44.014837
1EO8_1,-44.01468
4GXV_1,-44.013381
4AG4_1,-44.01071
5WAW_1,-44.004898
5F6H_4,-44.001916
3Q3G_3,-44.001342
4XWO_7,-44.000891
3IXT_1,-43.999491
5WK3_4,-43.99931
5WKO_4,-43.998193
3NZ8_1,-43.99601
4M5Y_2,-43.995949
1YMH_2,-43.995358
1N8Z_1,-43.994229
1U6A_1,-43.993882
3QEH_2,-43.993648
5JXE_2,-43.992642
3HMW_1,-43.991269
4AEH_1,-43.98996
4ZFO_2,-43.987362
6IW2_6,-43.985565
4NGH_1,-43.985154
5UMN_1,-43.981347
3IVK_2,-43.981326
5DQD_1,-43.977675
6B5P_1,-43.976172
6MU3_2,-43.975922
5I1G_1,-43.971718
6BLI_2,-43.969341
5YOY_3,-43.968681
5YWF_2,-43.968006
5DWU_1,-43.967651
2VQ1_2,-43.967393
4J1U_3,-43.967124
5N2K_1,-43.963243
1RZI_2,-43.962035
3LHP_1,-43.961698
2PCP_2,-43.961191
6CNR_1,-43.960749
3DUS_1,-43.95397
1QBM_1,-43.952445
5IBU_2,-43.952334
2FX8_1,-43.949452
3WHE_7,-43.945977
4FQR_1,-43.945708
4NM8_3,-43.944283
4N8C_1,-43.944268
4JAN_1,-43.941053
3KDM_1,-43.938823
3WHE_5,-43.93728
3GBM_2,-43.934335
6MUB_1,-43.933595
1FSK_1,-43.926597
3MJ9_1,-43.926146
6FY2_2,-43.922025
4OT1_1,-43.92177
1RZI_5,-43.920319
6EYN_3,-43.918337
6A4K_1,-43.916764
6OKP_2,-43.916285
2B2X_1,-43.914804
5Y2M_1,-43.909732
5F6H_2,-43.903332
4JFY_1,-43.902285
3OAY_2,-43.901082
5TRU_1,-43.896453
1TZG_2,-43.895856
3QWO_1,-43.895436
4OLU_1,-43.893424
4FP8_4,-43.891439
4XCN_3,-43.88887
6AYZ_1,-43.888708
3G6D_1,-43.888049
4XCN_2,-43.887769
6APD_1,-43.887324
4YDK_1,-43.886814
3VI3_2,-43.885874
1FSK_4,-43.88511
5K8A_1,-43.881096
3B9K_2,-43.880324
5MP5_3,-43.879952
4M5Y_1,-43.877553
5CJO_1,-43.876725
6A3W_2,-43.875579
2UYL_4,-43.874558
4ODX_1,-43.873925
4XCN_4,-43.873662
4HH9_1,-43.873484
4JDV_1,-43.870562
6BLI_1,-43.870456
5J13_1,-43.869119
2G5B_4,-43.86758
6DCA_3,-43.867213
6N32_2,-43.867176
6MTP_2,-43.864046
6D0X_1,-43.863187
4OCY_1,-43.862257
4TUO_2,-43.862218
3Q3G_4,-43.858657
6CBJ_1,-43.858472
3LH2_1,-43.858461
1J05_1,-43.855611
3WHE_8,-43.855062
3OKE_1,-43.852799
5EWI_1,-43.852073
4X4X_1,-43.851928
6FOE_2,-43.85095
3JBQ_2,-43.850203
2G60_1,-43.847462
3QRG_1,-43.847356
3IVK_1,-43.846051
2FJH_1,-43.844869
3WKM_1,-43.844248
5X08_1,-43.844067
1WT5_2,-43.842739
1FSK_3,-43.841761
6N81_2,-43.840846
5TH9_1,-43.840022
3WD5_1,-43.835539
1CFQ_1,-43.83072
2XWT_1,-43.830243
4KZE_1,-43.828552
5U15_1,-43.82813
3FO2_1,-43.826983
1AHW_1,-43.825909
4LSU_1,-43.824511
3HZV_1,-43.822898
5CIL_1,-43.822142
4NRX_2,-43.82135
5Y2K_1,-43.819512
4Q2Z_1,-43.819034
5TGB_2,-43.815529
2FJH_2,-43.814981
5UQY_4,-43.813744
5Y2K_3,-43.813124
4LRI_2,-43.812286
3EO0_1,-43.809195
2VH5_1,-43.80625
4LLW_2,-43.805812
6FGB_1,-43.804729
5IKC_2,-43.803892
4GXV_2,-43.80241
3IDX_1,-43.80083
3WHE_1,-43.799454
3WHE_3,-43.791589
4XNZ_1,-43.790608
5VSH_3,-43.790604
3VFG_1,-43.789697
4R26_1,-43.786446
4NM8_2,-43.783194
1D5B_1,-43.780735
4XBG_5,-43.778961
1FSK_2,-43.773339
4YXH_1,-43.771905
5MP5_4,-43.768615
6D9G_1,-43.768242
6DWA_2,-43.767871
5B6F_3,-43.767694
6B3M_6,-43.76755
6FY1_2,-43.764639
5O14_1,-43.763539
4JLR_1,-43.763028
6C5H_1,-43.762381
2G75_1,-43.758285
4QEX_1,-43.756964
4HH9_2,-43.753529
4QHU_1,-43.748923
6AZZ_1,-43.748319
4GMS_2,-43.748023
5YOY_5,-43.745366
4FQH_1,-43.744596
3G04_1,-43.743775
2FX9_2,-43.741746
6IW2_5,-43.739272
5EOC_1,-43.737927
4XBP_2,-43.736551
5I8E_1,-43.734953
6BGT_1,-43.734691
4XMK_2,-43.733415
5N0A_1,-43.733149
6B3M_4,-43.731925
5I1A_1,-43.730294
6J5G_1,-43.729105
5IQ9_2,-43.726888
4K8R_1,-43.724703
5KEL_2,-43.723455
5KEL_5,-43.722914
5KEL_1,-43.722215
6APD_3,-43.720888
4RRP_2,-43.720044
5MVJ_4,-43.712447
4A6Y_2,-43.712156
5VSH_4,-43.711255
6IUV_2,-43.710487
2Q8B_1,-43.707811
6AZM_1,-43.705984
5BK1_1,-43.705411
4YX2_1,-43.703777
1T04_1,-43.696462
4OLV_1,-43.69483
4KXZ_1,-43.691472
6N8D_1,-43.690159
43C9_3,-43.689102
5TRU_2,-43.688832
4LST_1,-43.684925
4XBG_4,-43.683897
5BJZ_2,-43.683378
5WK3_1,-43.682879
5CHN_1,-43.679869
3MLY_1,-43.679203
6AMM_1,-43.677477
4UV4_1,-43.677404
2FX8_4,-43.669725
3DUR_2,-43.668218
6B3M_2,-43.661364
5GGU_2,-43.658401
1CT8_1,-43.656593
4OLX_1,-43.652177
6II4_2,-43.649748
5BJZ_1,-43.648224
6IW2_2,-43.647314
6DWA_1,-43.646623
3U7W_1,-43.644402
4HBC_1,-43.643996
4RFE_1,-43.642118
5E1A_1,-43.639027
4RFE_2,-43.6365
4R96_2,-43.63569
2R6P_1,-43.63499
2Q8A_1,-43.633076
5MP1_4,-43.632744
2R29_1,-43.632299
6MEG_1,-43.62895
1I8M_2,-43.628226
4XBG_3,-43.6271
2R6P_2,-43.626238
4IML_2,-43.62488
2VL5_2,-43.624839
4JN2_1,-43.618815
3TNN_2,-43.618034
2IG2_1,-43.616874
4OLY_1,-43.616559
5USH_2,-43.615097
1A5F_1,-43.615059
4LSQ_1,-43.610797
3IJY_2,-43.609827
1UYW_1,-43.603454
4KI5_2,-43.60144
4QEX_2,-43.601407
5YE4_2,-43.600843
5T85_1,-43.597182
6J5D_1,-43.596969
4ZYP_2,-43.594731
5IQ9_1,-43.594176
6ME1_1,-43.586758
4JPI_2,-43.586554
5W3P_1,-43.584017
2VL5_1,-43.583429
4Z0X_1,-43.582467
6B5T_1,-43.579357
3FO2_2,-43.579051
4NM8_1,-43.57007
2OP4_1,-43.561434
3DV4_1,-43.561005
3IY5_1,-43.560923
3QNZ_1,-43.559205
3DUS_2,-43.557684
1AIF_1,-43.557066
4HG4_9,-43.553716
5I16_2,-43.550237
6IDH_1,-43.549691
6A4K_4,-43.548049
6B3M_1,-43.543207
6CF2_1,-43.542444
1ACY_1,-43.542095
5K8A_4,-43.541905
6IEK_2,-43.537515
1VFB_1,-43.53641
4HXB_1,-43.532982
5CHN_2,-43.532076
4XGZ_9,-43.531494
5UOE_3,-43.531244
1G7L_1,-43.529347
4G6A_2,-43.528296
6A3W_3,-43.524402
4FP8_2,-43.524111
5MYX_2,-43.521638
6B0S_1,-43.521159
2FX7_1,-43.521039
6C5K_2,-43.520456
1F4Y_1,-43.51982
3GJE_2,-43.516926
4LF3_2,-43.514818
4FQQ_3,-43.513467
5UEK_1,-43.512967
4JDV_2,-43.511147
4FAB_1,-43.509195
5I8O_1,-43.50759
1GGI_2,-43.50749
4XCY_4,-43.506247
1P2C_1,-43.506117
4XGZ_8,-43.502821
3QO1_1,-43.496996
4RRP_5,-43.494957
6QN8_3,-43.494911
4HIJ_2,-43.490867
4GMT_2,-43.490584
4UBD_3,-43.489585
6CA7_1,-43.486008
6MI2_2,-43.484748
4J1U_1,-43.484721
3HR5_3,-43.483404
4XCN_1,-43.479135
5WK2_1,-43.479096
1FVE_2,-43.478881
4XC1_1,-43.473103
4XH2_4,-43.471988
5MP1_2,-43.471509
5N2K_5,-43.471116
4K94_1,-43.470772
2G75_2,-43.469043
4ZS7_1,-43.468291
3WHE_4,-43.467443
2OTU_1,-43.465713
1G7I_1,-43.465213
3WHE_2,-43.464253
1YNK_1,-43.462714
2QQL_1,-43.456211
3MJ8_1,-43.449957
1A2Y_1,-43.449328
4NYL_4,-43.44358
3B9K_1,-43.440374
1A7N_1,-43.435961
5IBT_1,-43.434501
1A7O_1,-43.433473
6IEA_1,-43.425867
3QCT_1,-43.425002
3HR5_4,-43.42368
5KZC_1,-43.419794
3WHE_9,-43.417924
4OM0_1,-43.416979
5Y2L_1,-43.416496
2V7N_3,-43.415494
4M7L_1,-43.408937
3HZM_1,-43.407076
25C8_1,-43.404519
2UYL_1,-43.403102
4MA1_2,-43.402619
6IUT_1,-43.401478
4OM1_1,-43.392509
4XGZ_6,-43.389284
5N2K_4,-43.388081
4XGZ_1,-43.387872
2FJF_2,-43.38747
3RVT_1,-43.38342
1J5O_1,-43.383318
5I1E_1,-43.383014
1TJH_1,-43.382061
4XGZ_3,-43.377352
6AYZ_2,-43.376105
3IJS_2,-43.375769
4QHU_2,-43.374371
5YY5_1,-43.372392
4ERS_1,-43.36967
5TFS_1,-43.369235
3QEG_1,-43.363964
6C5J_1,-43.361908
4M62_1,-43.357468
4XWO_1,-43.356583
6JFI_2,-43.354391
6JFH_3,-43.352198
6JFH_1,-43.352158
5U15_2,-43.351499
6MEJ_1,-43.350009
6JEP_1,-43.349505
1J05_2,-43.348154
4WUU_1,-43.344574
1BBJ_2,-43.344345
1BBJ_1,-43.342148
5F6H_3,-43.341723
5N2K_2,-43.339132
6QNA_1,-43.330275
3DUU_1,-43.329207
5HDQ_1,-43.326059
5MVZ_2,-43.32369
6B0H_2,-43.320995
1CGS_1,-43.320917
2OQJ_3,-43.320269
5T5F_1,-43.314837
4LVN_1,-43.311331
4BZ2_1,-43.31113
1AIF_2,-43.307642
6FOE_1,-43.305199
6GG0_1,-43.300707
4M8Q_1,-43.299119
5FEH_2,-43.298514
5WOB_6,-43.292598
5N2K_7,-43.291547
5F6H_1,-43.289869
5YWP_2,-43.28823
1G7J_1,-43.283158
4FFZ_2,-43.281576
2OR9_2,-43.278083
4UBD_6,-43.276721
3OGC_1,-43.276348
3QQ9_1,-43.270494
1FIG_1,-43.267414
3MLZ_1,-43.264011
4FFZ_1,-43.262547
3IKC_2,-43.262139
4XGZ_4,-43.26197
2D03_1,-43.260741
4XGZ_2,-43.258283
3IJY_1,-43.258262
4HS6_1,-43.254745
4XWO_3,-43.254638
5UKR_1,-43.250927
5IK3_2,-43.25077
5UQY_3,-43.249886
3T4Y_1,-43.248795
4G6F_2,-43.248075
5WDF_1,-43.247467
5ZV3_1,-43.243368
5MEV_1,-43.243011
6A3W_1,-43.234828
5WUX_1,-43.234678
3SOB_1,-43.231425
1A7R_1,-43.230659
4XTR_1,-43.227631
5ODB_1,-43.225381
5WOB_3,-43.224133
4XWO_5,-43.223622
6BZW_4,-43.221107
5K8A_3,-43.218675
5WKO_6,-43.218048
5UQY_1,-43.217718
4XAW_1,-43.216197
2R0L_1,-43.215635
5B6F_2,-43.215033
5KVG_1,-43.214756
5EN2_1,-43.213103
5KEL_3,-43.211846
5KEL_4,-43.211631
2V7N_4,-43.210733
6BZU_4,-43.210279
5KEL_6,-43.209425
5CZX_1,-43.202594
1KIQ_1,-43.201133
4XBG_2,-43.199975
6CW3_1,-43.199755
4WUK_1,-43.196702
6IUV_1,-43.194271
3DGG_1,-43.194153
5EOC_2,-43.192657
6CCB_1,-43.189149
3W13_1,-43.187997
5W08_3,-43.187877
2B2X_2,-43.187669
3OJD_1,-43.187357
6B5R_1,-43.186982
5C0N_1,-43.181105
1IND_1,-43.180882
4XCF_1,-43.17661
3G6J_2,-43.173398
2FX9_1,-43.168638
1Q9L_1,-43.167252
3NGB_2,-43.165337
1C5C_1,-43.16254
4KUC_1,-43.160445
5B6F_4,-43.159936
1TZG_1,-43.159821
4G80_3,-43.158697
43CA_1,-43.158132
5UCB_1,-43.15486
4ZYK_1,-43.153584
1JHK_1,-43.151882
2UYL_3,-43.151703
5I5K_2,-43.15064
1P2C_2,-43.148545
5MP6_1,-43.147067
5JNY_1,-43.145013
4HG4_8,-43.14374
1AXT_1,-43.140213
4JRE_2,-43.13918
5BO1_1,-43.13691
2VIR_1,-43.136872
4XBE_1,-43.136449
4UBD_1,-43.134501
35C8_1,-43.134448
4GXU_2,-43.129196
3HZY_1,-43.129042
3HZK_1,-43.128385
2VIT_1,-43.127627
2UYL_2,-43.126819
5EC1_1,-43.126365
4XWO_2,-43.125508
1MJU_1,-43.12524
4JR9_1,-43.124385
5GGQ_1,-43.12403
6BI2_2,-43.123363
2UZI_1,-43.117831
4OAW_1,-43.116984
4XH2_5,-43.10944
3IJH_2,-43.108372
2R4R_1,-43.106902
4HCR_1,-43.105067
4XBG_1,-43.099491
5E08_1,-43.099093
4HG4_3,-43.098398
1JGL_1,-43.098119
4K8R_2,-43.097761
5NJD_2,-43.096037
3UBX_2,-43.095827
4UBD_2,-43.09547
6OKQ_1,-43.091169
4NP4_1,-43.089919
5C0N_2,-43.089777
1P4I_1,-43.089297
3EFF_1,-43.084559
43CA_3,-43.080208
3T65_1,-43.079687
4LF3_1,-43.077975
5NJD_4,-43.067877
6BZW_3,-43.067016
5DR5_1,-43.058297
5WKZ_1,-43.05743
2FJF_8,-43.054926
6E64_2,-43.052487
5HHX_1,-43.049909
3MLX_1,-43.045997
5MP5_1,-43.045747
4H88_1,-43.043852
4S1D_2,-43.042559
3SY0_1,-43.042272
4GXU_6,-43.040388
1G7H_1,-43.037725
3GBM_1,-43.036513
5VPG_1,-43.029958
3RVW_1,-43.029958
3VW3_1,-43.029816
3SE9_1,-43.029573
4FQQ_2,-43.026535
4I3R_1,-43.024664
2R1W_1,-43.02074
5WOB_7,-43.016747
1A7Q_1,-43.016414
3OB0_1,-43.009647
4HJG_1,-43.008261
1C5B_1,-43.006627
2R1Y_1,-43.003928
5W05_1,-43.002631
4I77_1,-43.001885
5J9P_1,-43.001026
1XF5_1,-42.999104
3QNY_2,-42.998013
6CDM_2,-42.995431
1JNN_1,-42.99214
3OKO_1,-42.987604
2FX8_3,-42.984821
2H32_1,-42.980483
5DK3_1,-42.977262
5MP5_2,-42.972372
2OQJ_4,-42.97056
4RRP_4,-42.970554
5I8E_2,-42.968715
4I3S_1,-42.967856
4JZN_1,-42.965051
5JNY_2,-42.960909
4FQH_2,-42.957591
6CNV_1,-42.956793
4FQQ_1,-42.956452
5NJD_3,-42.9553
3O41_1,-42.95413
6AZZ_2,-42.952625
5CIP_2,-42.952551
6E5P_5,-42.946568
6E5P_4,-42.944808
4R8W_1,-42.942243
2IQA_2,-42.942058
6E5P_7,-42.940713
2AEP_1,-42.938052
6CE0_1,-42.933772
1TJG_1,-42.931373
1NLB_1,-42.930949
3IGA_1,-42.929259
3MLW_1,-42.928411
3DSF_1,-42.923947
2ADF_1,-42.920964
5TZ2_1,-42.917285
3UBX_1,-42.914164
5WKO_1,-42.914116
6CDI_3,-42.912672
6CDI_5,-42.911953
5FEC_2,-42.911198
1RZG_1,-42.910585
4A6Y_1,-42.909403
6CDI_2,-42.909321
2VIS_1,-42.901055
4OAW_2,-42.90074
1KIP_1,-42.90043
6B0A_1,-42.897542
5N4J_1,-42.896072
2YKL_1,-42.894678
1VFA_1,-42.890381
1BBD_1,-42.888312
4XH2_2,-42.887677
2VXS_1,-42.883839
6E62_1,-42.87828
4OKV_2,-42.87558
5EPM_1,-42.87427
6MTS_1,-42.873362
6ME1_2,-42.872183
6NCP_1,-42.868596
4XWO_4,-42.866327
5N7W_1,-42.864726
2R23_1,-42.864177
4XX1_2,-42.862966
5DK3_2,-42.862407
4GAY_2,-42.861134
2AGJ_1,-42.86012
5BK1_2,-42.85789
3O45_1,-42.85175
5MP3_2,-42.848491
6DZY_1,-42.846174
4Q2Z_2,-42.841189
1FVE_1,-42.835063
4GSD_1,-42.834958
4OGY_1,-42.833281
6OKQ_3,-42.832118
5T29_1,-42.822229
3JBQ_1,-42.820245
1MLC_2,-42.820225
3ZTJ_1,-42.819607
6BI2_1,-42.818839
5I18_1,-42.817703
2A9N_2,-42.815162
5CD3_4,-42.81164
2HG5_1,-42.810882
1N64_1,-42.806468
5D8J_1,-42.802298
4HG4_6,-42.801669
3Q1S_1,-42.799171
4XVU_2,-42.799031
4M62_2,-42.797091
5WKO_2,-42.796875
5CIP_1,-42.793627
5GGU_1,-42.788763
4HGW_1,-42.787411
4G80_4,-42.784863
1XCT_1,-42.783499
3U9P_1,-42.779938
4LSR_1,-42.778143
5CD3_3,-42.775757
4XH2_3,-42.775525
1FVD_1,-42.771884
4ZTO_1,-42.771432
6CBV_1,-42.769537
5KEN_1,-42.76788
6B3M_5,-42.763947
3PJS_2,-42.763725
3OKK_1,-42.759852
4NM4_1,-42.757237
4XNM_1,-42.755486
6CCB_2,-42.740805
3QO0_1,-42.740485
3Q6G_2,-42.737555
5MVJ_3,-42.736741
4S1R_1,-42.73512
2FJF_4,-42.73379
6ANI_2,-42.730806
4HCR_2,-42.728091
4G80_2,-42.726005
4OGY_2,-42.725431
4ISV_1,-42.724435
3OB0_2,-42.721114
4OLZ_1,-42.720047
4HII_1,-42.716417
4G5Z_1,-42.715123
2BJM_1,-42.713188
3FB5_1,-42.71252
2HKF_1,-42.710669
5GRV_1,-42.709124
6B0E_1,-42.70685
1G7M_1,-42.706588
1DFB_1,-42.706192
3OKL_1,-42.704844
5K8A_2,-42.70238
4XNQ_1,-42.701511
5W4L_2,-42.697423
1AQK_1,-42.693679
1ZAN_1,-42.683926
3MOA_1,-42.682711
4MA8_1,-42.681972
4R0L_1,-42.676107
4JN2_2,-42.674264
6DC9_1,-42.67108
5VZX_1,-42.666238
3MOB_1,-42.664453
4XHJ_1,-42.663248
2R1X_1,-42.662074
5D6C_2,-42.659671
6ORN_3,-42.656009
3FB7_1,-42.655196
4OKV_1,-42.655005
1NBV_1,-42.654584
6ORN_2,-42.645245
3H42_1,-42.642757
5N2K_3,-42.642711
6ORN_1,-42.640815
5WHJ_1,-42.639621
4HWE_1,-42.635655
5CUS_4,-42.635321
2A9M_1,-42.628647
4XMP_1,-42.628153
6E64_1,-42.628057
4M7K_1,-42.627812
4NYL_3,-42.624467
3QCU_2,-42.622674
4NPY_2,-42.619518
4TUO_1,-42.616924
5LBS_2,-42.615497
5CD3_1,-42.612304
2VXS_4,-42.611403
3F7Y_1,-42.610818
2R2H_1,-42.608714
3IJH_1,-42.60826
3NGB_1,-42.606425
2DDQ_1,-42.605647
1E6J_1,-42.600549
4JRE_1,-42.600344
1FLR_1,-42.591013
3BPC_1,-42.590731
3BQU_1,-42.589284
1DQL_1,-42.582056
4G80_1,-42.582036
5CD5_1,-42.580166
6B9Z_1,-42.573779
1KEG_1,-42.572916
3IFL_1,-42.571563
5I15_1,-42.569335
1UM4_1,-42.567459
5IKC_1,-42.563749
5Y0A_1,-42.560823
5Y0A_2,-42.559671
5Y0A_3,-42.55624
4QTH_1,-42.55205
1A7P_1,-42.551908
5VZX_2,-42.5507
1RZF_1,-42.545769
5XKU_1,-42.53874
3F7V_1,-42.538688
6BPA_1,-42.535734
4MA7_1,-42.529194
1RMF_1,-42.528114
6CDO_1,-42.52176
1FGV_1,-42.521013
6CM3_2,-42.518788
5K9Q_2,-42.517894
4NM4_2,-42.516252
3BT2_1,-42.508213
5MP3_1,-42.506607
2OQJ_1,-42.505273
1Q9L_2,-42.501211
3MOD_1,-42.498247
3OR7_1,-42.497268
4I18_1,-42.496288
4QT5_2,-42.49215
4QTH_2,-42.489772
4I18_2,-42.48336
4YXK_1,-42.481624
3F5W_1,-42.479076
6DG2_2,-42.478604
6B08_1,-42.47722
6MUF_1,-42.476021
5WNB_2,-42.473848
4XVS_1,-42.473505
3IKC_1,-42.471789
5XHG_2,-42.471696
5LBS_1,-42.471618
4O4Y_1,-42.466745
2R8S_1,-42.464903
3HR5_2,-42.462093
5WDF_2,-42.460553
5K9Q_6,-42.457199
4KVN_1,-42.456371
5I16_1,-42.452184
2Q76_2,-42.450944
6CW3_2,-42.448781
2A9M_2,-42.447893
3FB8_1,-42.44666
1MHH_2,-42.441973
3NGB_3,-42.431954
3EFF_2,-42.427398
6B3M_3,-42.426815
5MP1_3,-42.421475
5U3D_1,-42.404084
1BVL_2,-42.400705
1UM6_1,-42.400642
5MTH_1,-42.396431
5T5B_2,-42.393684
1YNL_1,-42.393554
4IMK_1,-42.393156
3MLT_1,-42.38992
2ARJ_2,-42.385896
5E8D_1,-42.384656
6DCW_1,-42.380888
3IDY_1,-42.378713
4YDJ_2,-42.376364
3IJS_1,-42.372612
5ZXV_2,-42.367971
5V6L_1,-42.366758
1MLC_1,-42.362189
4M6O_1,-42.36199
5MUQ_2,-42.358563
5EC2_1,-42.356905
4UTA_2,-42.356498
3FB6_1,-42.353198
3STZ_1,-42.35259
3QNX_1,-42.334723
4HG4_7,-42.33393
1UM5_1,-42.333467
4XRC_1,-42.331978
5W3O_1,-42.330489
4YPG_1,-42.328772
5UGY_3,-42.328178
4K3D_1,-42.325949
6CM3_1,-42.320304
4YHL_1,-42.317457
4YPG_2,-42.316354
15C8_1,-42.314879
5F7E_1,-42.313635
3X3F_1,-42.31302
2A9N_1,-42.299583
5OCA_1,-42.297805
3QCU_1,-42.296135
5XF1_2,-42.292975
6CM3_3,-42.291106
4NPY_1,-42.290631
4HIE_1,-42.287815
5B71_1,-42.287398
4OGX_1,-42.286383
4UBD_5,-42.286185
6BPA_2,-42.284306
4JO4_1,-42.284078
2FJF_3,-42.28115
5MVJ_1,-42.279453
4ZTP_1,-42.278345
3OKD_1,-42.276617
5KZC_3,-42.267448
5MVJ_2,-42.2609
2R2B_1,-42.256827
2GK0_2,-42.25555
6CA9_1,-42.243521
4KXZ_3,-42.233522
6CK9_1,-42.231307
5CSZ_1,-42.231204
1U8K_1,-42.230755
5W3E_1,-42.22969
1K4C_1,-42.22235
3MLW_2,-42.214492
4OGA_1,-42.211968
5EBM_1,-42.209756
2F5B_1,-42.20883
4ZTO_2,-42.203999
1TJI_1,-42.200949
3W12_1,-42.200221
1D5I_1,-42.192881
4LCU_1,-42.190608
1FRG_1,-42.189616
2DWE_1,-42.18865
5MUQ_1,-42.187088
1AXS_2,-42.185267
5USH_1,-42.182964
2JB5_1,-42.181063
2PW1_1,-42.1726
4NYL_2,-42.172503
4DAG_1,-42.168623
4OZ4_2,-42.165479
1FDL_1,-42.163217
5UGY_2,-42.163006
5TQA_1,-42.158388
1MJJ_1,-42.158222
3PHO_1,-42.156815
6GHG_2,-42.153838
3V7A_1,-42.149038
5K9Q_1,-42.13269
4HKZ_1,-42.130468
5NJD_1,-42.127728
1HEZ_1,-42.124242
3V7A_2,-42.11582
5WNB_1,-42.109095
4CNI_2,-42.107663
5K9Q_4,-42.093845
3PHQ_1,-42.088262
6BY2_1,-42.088199
5DYO_1,-42.087706
1BVK_2,-42.087044
43C9_2,-42.079318
6MED_1,-42.075899
4UBD_4,-42.073201
5WOB_1,-42.068029
6MTR_1,-42.06687
3OKN_1,-42.065983
5VKE_1,-42.064862
3IY3_1,-42.063836
5CD3_2,-42.05952
2HVK_1,-42.056846
1AI1_1,-42.048698
6NNF_1,-42.048251
2NLJ_1,-42.04633
4JPI_1,-42.043294
5MX3_2,-42.038306
3PJS_1,-42.03343
5HHV_1,-42.032385
4DKF_1,-42.029196
4JM2_2,-42.02842
4XWO_6,-42.027154
5HI4_2,-42.024373
5XEZ_2,-42.022007
5TF1_1,-42.014467
4UTA_1,-42.005013
3NN8_1,-42.001789
5F6J_2,-41.995789
5WNA_2,-41.995256
5W4L_3,-41.994937
6BY3_1,-41.993038
5ANM_1,-41.992576
3GB7_1,-41.990275
5KTE_1,-41.983734
4HIH_2,-41.978805
5KW9_1,-41.975733
6BZU_1,-41.974186
5FEH_1,-41.971541
2IH1_1,-41.969412
4XX1_3,-41.961739
1R3L_1,-41.961265
5EBW_1,-41.958504
4OZ4_1,-41.958382
1CFS_1,-41.957988
5BO1_2,-41.953479
1R3J_1,-41.953335
2DD8_1,-41.951621
3IY2_1,-41.948726
4DN3_1,-41.932153
4GMT_1,-41.931049
2IH3_1,-41.929493
5SY8_1,-41.923304
3NGB_4,-41.917938
2BOB_1,-41.914309
1K4D_1,-41.914307
2P7T_1,-41.912432
1MPA_1,-41.909974
3IY7_1,-41.908743
2FD6_1,-41.908176
5E8E_1,-41.908104
2MPA_1,-41.907483
6DWC_1,-41.902604
5XEZ_1,-41.902173
5ALB_1,-41.902054
2Q76_1,-41.89457
5NHW_1,-41.883612
5HI3_2,-41.882017
4UUJ_1,-41.879728
1U8N_1,-41.876758
5BVP_1,-41.873045
4LCI_1,-41.871665
6BI0_1,-41.870931
5WOB_5,-41.870119
6D9G_2,-41.869602
5WCA_1,-41.868664
4XVU_4,-41.864953
2HJF_1,-41.86118
2HVJ_1,-41.859243
4MSW_1,-41.85391
5F6J_1,-41.852931
1BVK_1,-41.850602
1R3K_1,-41.850127
3O2D_1,-41.847933
4J4P_1,-41.847504
4XH2_1,-41.846477
6DB8_1,-41.844744
3IY6_1,-41.84363
3BGF_1,-41.840363
5NHR_1,-41.833439
4NYL_1,-41.831133
2H8P_1,-41.829918
3LEV_1,-41.827921
5MX3_1,-41.825366
5GHW_1,-41.820295
4HIJ_1,-41.812751
2JK5_1,-41.808851
4KUC_2,-41.808574
4LBE_1,-41.808456
6GK7_1,-41.800801
3IDY_2,-41.797751
3IDJ_1,-41.791057
4FQQ_4,-41.790321
4XHJ_2,-41.783497
1P4B_1,-41.782753
3AAZ_1,-41.781858
3OR6_1,-41.779602
5EBL_1,-41.779486
2DWD_1,-41.777594
2R0K_1,-41.772624
4R96_3,-41.765888
5HI5_2,-41.764852
6CA6_2,-41.762177
5NJD_6,-41.759253
5ZXV_1,-41.759187
6GHG_1,-41.75818
5K9Q_5,-41.757829
2NYY_1,-41.753441
5NJD_5,-41.751646
6AOD_1,-41.748949
1R3I_1,-41.748568
1U91_1,-41.747777
5MTH_2,-41.740987
1RZI_8,-41.738893
43CA_4,-41.737329
4J4P_2,-41.735041
5GGT_1,-41.728895
5EPM_2,-41.726642
3DRT_1,-41.726379
1U8M_1,-41.723975
5UKN_1,-41.7228
3O41_2,-41.722076
4R0L_2,-41.719362
1S5H_1,-41.712741
4JO4_2,-41.709929
5VK6_1,-41.707393
1U92_1,-41.700853
2YK1_1,-41.696036
4HWB_1,-41.690752
5VKH_1,-41.686106
1IAI_2,-41.681581
1U8J_1,-41.67899
1U8P_1,-41.678239
2ATK_1,-41.675409
1RZG_2,-41.675386
5CUS_2,-41.672284
2ARJ_1,-41.668777
3WLW_1,-41.668768
6DWC_2,-41.666537
3QCV_1,-41.664663
1U93_1,-41.661756
3LMJ_1,-41.658802
3O45_2,-41.65789
4YUE_1,-41.656049
1U8O_1,-41.653801
3J7E_4,-41.645877
3J7E_2,-41.644956
3J7E_3,-41.64492
4EOW_1,-41.643473
3J7E_1,-41.638902
5D6C_1,-41.636232
2ITC_1,-41.633776
2VXS_3,-41.631092
5FYJ_2,-41.63073
4KHT_1,-41.627968
3J70_2,-41.622307
3J70_3,-41.62096
3J70_1,-41.618024
4JO3_2,-41.617222
1AD9_1,-41.616382
5Y9J_1,-41.607541
3V0W_1,-41.607434
4GLR_1,-41.602276
1U8I_1,-41.599259
5KEM_4,-41.592718
5KEM_1,-41.592233
6GFF_1,-41.591613
43C9_4,-41.590962
1U8H_1,-41.590399
4NKD_4,-41.579983
6OT0_1,-41.573568
5WOB_8,-41.56986
6BHZ_1,-41.56632
1U95_1,-41.561898
4HIH_1,-41.561741
3MNV_1,-41.561527
5TDO_1,-41.559012
5ANM_2,-41.558972
1U8Q_1,-41.554471
5XF1_1,-41.549115
3BE1_1,-41.543164
1TZI_1,-41.542861
6BZU_3,-41.541951
5GZN_2,-41.539062
5UGY_1,-41.537385
5VYF_1,-41.536459
4JO3_1,-41.536102
3STL_1,-41.533412
5UWE_1,-41.532244
4F37_1,-41.530935
3PGF_1,-41.529625
1Q9K_1,-41.528849
4XH2_6,-41.525986
5WNA_1,-41.525691
5MES_1,-41.518233
6DG2_1,-41.514048
2W60_1,-41.50958
5DQ9_2,-41.506218
3FZU_1,-41.50123
5YWO_1,-41.501184
4CNI_1,-41.500409
5YWO_2,-41.498271
3IDG_1,-41.483053
5MO3_1,-41.48213
4NKD_1,-41.479867
5ESA_1,-41.47579
2FB4_1,-41.474161
2RCJ_9,-41.468687
5I8K_1,-41.461286
4YDL_2,-41.459472
6FXN_5,-41.452966
4JAN_2,-41.450757
3NN8_3,-41.448596
1RZ7_1,-41.447869
6DB6_1,-41.444753
4LSS_1,-41.44382
3HPL_1,-41.440587
3IDM_1,-41.440348
5IHZ_4,-41.438563
2FJF_7,-41.436482
4HFW_1,-41.427765
5BK0_1,-41.425668
2PW2_1,-41.423771
5B71_2,-41.420235
1AXS_1,-41.413268
6DWI_7,-41.405421
5Y9K_1,-41.402127
5V6M_1,-41.396929
6DB5_2,-41.393989
2ITD_1,-41.393927
4J1U_2,-41.38509
3V0V_2,-41.383713
6BZU_2,-41.381837
5ALC_1,-41.380986
1EHL_1,-41.379298
2FJF_1,-41.371729
3G6J_1,-41.369488
6CA6_1,-41.369265
1U8L_1,-41.363715
4IOF_1,-41.35302
4GXU_3,-41.347074
1MCP_1,-41.34454
4GAY_1,-41.332061
5AZ2_1,-41.328954
1RZI_7,-41.321947
3D0V_1,-41.316899
5CSZ_2,-41.316705
3JWD_2,-41.314605
5T6L_2,-41.314127
5YWP_1,-41.308787
3LZF_1,-41.304118
4WCY_1,-41.303504
2P8M_1,-41.30075
5UM8_1,-41.298243
3WE6_1,-41.292931
4GXU_4,-41.291586
5V6L_2,-41.287383
4JPK_1,-41.287201
3DRO_1,-41.285207
5W2B_1,-41.272804
4LSP_1,-41.271989
3N85_1,-41.271008
3IDN_1,-41.265629
5HI4_1,-41.255835
5M63_1,-41.255016
6CA9_2,-41.249699
5M63_2,-41.24741
3MNW_1,-41.236998
3JWD_1,-41.222561
6DID_1,-41.219549
6DID_3,-41.216118
1RZI_4,-41.215612
6DID_2,-41.214367
1MJJ_2,-41.213695
4YDL_1,-41.211097
3QQ9_2,-41.208278
4R96_4,-41.206147
4UB0_1,-41.202271
4O58_1,-41.201694
5UKO_1,-41.199991
1C5D_1,-41.199786
5NGV_1,-41.197101
3SQO_1,-41.193536
5IFA_1,-41.18348
5TKJ_3,-41.176727
5J3H_1,-41.176234
2P8L_1,-41.161335
3NPS_1,-41.160081
4GXU_5,-41.153549
3W11_1,-41.14374
6OKQ_2,-41.142423
3MA9_1,-41.127931
6FXN_6,-41.123638
6FXN_3,-41.110093
4M1G_1,-41.102674
1NLD_1,-41.099015
3W9E_1,-41.098823
1JNL_1,-41.097165
4IOF_2,-41.091049
5K9Q_3,-41.071752
4RZC_1,-41.061676
6CJK_1,-41.05522
1MLB_1,-41.05011
4RZC_2,-41.041031
1FL5_1,-41.039512
2W0F_1,-41.01092
4ZXB_1,-41.0062
5HI5_1,-41.003996
5DHY_2,-41.002231
4D9R_1,-40.991834
6MED_3,-40.990673
1RZI_1,-40.961918
5GZN_1,-40.956787
2P8P_1,-40.947139
6C5I_1,-40.943872
4RZC_4,-40.935975
4ZFF_1,-40.934225
5TKJ_2,-40.933347
1NFD_2,-40.931495
2ZCK_1,-40.926045
5HI3_1,-40.923686
6GFF_2,-40.922005
3R06_3,-40.918274
4GLR_2,-40.917324
6F7T_1,-40.905454
2VXS_2,-40.904658
1IQD_1,-40.896241
5DHY_1,-40.89614
5THR_1,-40.892482
4XVU_3,-40.892001
4NZU_1,-40.885618
1D6V_1,-40.880605
2X7L_2,-40.872345
1ZWI_1,-40.871009
4ZFF_2,-40.870365
5VL3_3,-40.867108
3MLT_2,-40.861194
4HK0_2,-40.858482
2MCP_1,-40.856559
5VKK_2,-40.850954
6MED_2,-40.839794
3DRQ_1,-40.837163
3IDI_1,-40.833479
6DWI_6,-40.827888
5KN5_1,-40.821611
6E56_2,-40.820351
5DMG_2,-40.812819
3M8O_1,-40.80336
3MLT_3,-40.799008
6MU6_1,-40.798966
43CA_2,-40.797023
4KHX_1,-40.791162
2NZ9_1,-40.788417
4FQ2_1,-40.783564
5WB9_1,-40.780613
1FL5_2,-40.776653
3SO3_1,-40.773509
5I9Q_1,-40.76923
3AAZ_2,-40.757803
3D0L_1,-40.754493
2PR4_1,-40.753638
2F5A_1,-40.753638
3QHZ_1,-40.745318
5DQ9_1,-40.711736
6DLB_1,-40.701095
5EOR_1,-40.694293
5DHV_2,-40.694062
5I9Q_2,-40.68968
5XAJ_4,-40.679815
5NHR_2,-40.677393
5TPP_1,-40.675355
2CMR_1,-40.673837
2FJG_1,-40.67129
5TKJ_1,-40.669138
4RGM_1,-40.667586
2HFE_1,-40.662254
3FZU_2,-40.66139
5VJ6_1,-40.66024
4XMM_1,-40.658754
1JRH_1,-40.65068
6FXN_2,-40.647009
3EGS_1,-40.635374
5KN5_2,-40.628343
1BVL_1,-40.627543
3U1S_1,-40.607853
2X7L_1,-40.60115
2ZCL_1,-40.597221
2ZCH_1,-40.594015
4HK3_1,-40.591049
5DMG_1,-40.588527
6MH2_2,-40.578977
5B3J_1,-40.559671
3IY1_1,-40.542635
6DWI_5,-40.53309
2X7L_5,-40.515139
5W3L_1,-40.507172
3MNZ_1,-40.481982
4PTT_1,-40.481815
3DGG_2,-40.476492
5IGX_1,-40.475435
6MU8_1,-40.474798
1NFD_1,-40.466317
2X7L_3,-40.455522
5DMG_3,-40.453091
5A1Z_1,-40.450113
6DLA_1,-40.446876
4RGM_2,-40.437102
4NZT_1,-40.432206
4PUB_1,-40.429931
2FJF_9,-40.421545
2X7L_4,-40.399242
5UG0_1,-40.397295
5DSC_3,-40.387561
5XAJ_3,-40.382534
2NZ9_2,-40.375772
2BOC_1,-40.374601
6AQ7_1,-40.368219
4S1D_3,-40.367787
4LU5_2,-40.344936
3IY4_1,-40.343045
5NPH_1,-40.322992
3I75_1,-40.317091
6NM6_1,-40.303252
5VZY_1,-40.281063
1DVF_2,-40.271286
5L6Y_1,-40.267717
4LU5_1,-40.265553
1C5D_2,-40.260913
6IDG_1,-40.260609
5XAJ_2,-40.252531
4DVR_1,-40.245838
4D9Q_2,-40.245205
4XVT_1,-40.239264
4RZC_3,-40.216118
6CJK_2,-40.21558
5IES_1,-40.193503
1FL6_1,-40.153187
3R06_4,-40.141757
5DHV_1,-40.130563
4D9R_2,-40.129762
3MAC_1,-40.103981
4PTU_1,-40.09177
3V0V_1,-40.087437
5TKJ_4,-40.085165
3JWO_1,-40.080254
5CUS_1,-40.068452
4MA3_1,-40.060314
4JPW_1,-40.053336
5IF0_1,-40.047147
5TQA_2,-40.035517
5IFJ_3,-40.03245
6DB5_1,-40.031105
4XXD_1,-40.016456
1K6Q_1,-40.007661
4XZU_1,-40.003297
6MU7_1,-39.99632
2X7L_6,-39.984
6FXN_1,-39.962651
1FL6_2,-39.953747
5DHZ_1,-39.952039
4R2G_3,-39.944493
6BQB_1,-39.940435
1IAI_1,-39.931721
6MTJ_1,-39.928764
5IF0_2,-39.920961
4HS8_1,-39.919619
3WFH_1,-39.885992
5VKK_1,-39.87347
4UIF_1,-39.855571
6NNJ_1,-39.843473
1WT5_1,-39.832837
3DUR_1,-39.828697
5A1Z_2,-39.822763
5CEY_1,-39.811471
3OKM_1,-39.810517
5B3J_2,-39.795905
5IFJ_1,-39.794388
2FJF_5,-39.782682
6C9U_1,-39.780726
6IEQ_1,-39.739372
2FJF_6,-39.71709
6MEJ_2,-39.713313
6DB7_2,-39.686654
6F7T_2,-39.684817
5CUS_3,-39.667293
2HFF_2,-39.652837
5DRN_2,-39.646663
5UEL_1,-39.624774
5IFJ_4,-39.622872
4DN4_1,-39.60604
1EAP_1,-39.60583
6N7J_1,-39.588141
6I9I_1,-39.580718
4M6M_1,-39.534416
4M93_2,-39.529549
1CIC_1,-39.526944
4KI5_1,-39.485915
4XXD_2,-39.473622
5IFJ_2,-39.442037
5DQ9_3,-39.433534
4HFW_2,-39.427805
5DRN_1,-39.414819
3WLW_2,-39.410199
2FJG_2,-39.373171
6CT7_2,-39.371179
4M6N_1,-39.363454
4R2G_4,-39.359167
1CFT_1,-39.332027
6E56_1,-39.312263
3WIF_1,-39.296914
2FBJ_1,-39.29367
4R2G_2,-39.278475
6DB7_1,-39.262747
5XAJ_1,-39.251262
1FN4_2,-39.248723
4S1D_4,-39.229653
4D9Q_1,-39.225023
5W6D_1,-39.21405
6FXN_4,-39.198397
5T3S_1,-39.1937
5DSC_1,-39.128174
6MEI_1,-39.128127
6MCO_1,-39.124763
1FJ1_1,-39.091902
3WHX_1,-39.012231
5DSC_2,-39.009567
5CEZ_1,-39.008975
2VXQ_1,-39.004904
6I9I_2,-38.996246
2J88_1,-38.975238
4HK0_1,-38.953864
1HI6_1,-38.923794
4O51_3,-38.915894
3J6U_1,-38.890585
4XZU_2,-38.888263
5VL3_1,-38.796198
5CEY_2,-38.721474
1RZI_3,-38.709239
5THR_2,-38.669553
5IHZ_2,-38.662947
2HKH_1,-38.655664
4OTX_1,-38.637546
5VL3_4,-38.634586
4S1D_1,-38.628621
6DWI_1,-38.622662
5UKQ_1,-38.609404
1HH6_1,-38.60643
6DWI_3,-38.577102
5IG7_3,-38.564237
4FZE_1,-38.556526
1BOG_1,-38.539547
4R2G_1,-38.523749
4O5I_2,-38.52012
4O5L_1,-38.479889
1CFN_1,-38.474689
4UIF_2,-38.464735
4MA1_3,-38.444355
6E3H_1,-38.419172
1HH9_1,-38.407605
2HFG_1,-38.401663
5DSC_4,-38.378719
5IG7_4,-38.329413
4O5I_5,-38.310783
4O51_2,-38.309815
5IG7_2,-38.30953
6BDZ_1,-38.304192
4OTX_2,-38.302464
4O5I_1,-38.289517
5V7J_1,-38.249037
5IG7_1,-38.21292
6N7J_2,-38.174072
1RZI_6,-38.166779
5VL3_2,-38.12487
4O51_1,-38.119183
6OTC_1,-38.087407
2HFF_1,-38.047851
4O51_4,-38.043143
6MDT_1,-38.03434
1GGB_1,-37.988149
5UEM_1,-37.855281
5TDP_1,-37.832892
4Q6I_1,-37.733725
4M7Z_2,-37.728481
4O5I_4,-37.67455
5TDN_1,-37.646686
6MTN_1,-37.643801
6CT7_1,-37.642038
6BE3_1,-37.593145
4J6R_1,-37.583702
5UKP_1,-37.551382
4O5I_3,-37.535054
5THR_3,-37.523258
5IHZ_3,-37.483174
3OPZ_1,-37.449264
6BE2_1,-37.396074
4O5I_6,-37.388797
4M7Z_1,-37.355853
4Q6I_3,-37.288729
3GKW_1,-37.223263
1DL7_1,-37.209346
3OPZ_3,-37.128219
4Q6I_2,-37.031072
4Q6I_4,-37.021613
4MA1_1,-36.901752
3OPZ_2,-36.886678
6H06_2,-36.769199
5USL_1,-36.566786
6BE4_1,-36.553073
6N7U_1,-36.446425
3ZL4_1,-36.408443
6H06_3,-36.247781
5V7U_1,-36.10311
5USL_2,-36.073497
6H0E_2,-36.038892
4ZFG_1,-35.812005
4ODS_1,-35.807637
1KEL_1,-35.801605
3U0T_2,-35.691373
3CFC_1,-35.667083
6H0E_1,-35.63817
3U0T_1,-35.507964
6H06_1,-35.389227
5IHZ_1,-35.376974
1UB6_2,-35.30233
1GGC_1,-35.193287
6H0E_3,-34.987894
1KEM_1,-34.330916
5AUM_1,-33.961296
6H0E_4,-33.724721
6H06_4,-33.490381
3MNV_2,-33.357282
6ANA_1,-32.795362
1FL3_2,-32.731761
1UB5_2,-32.470757
1UB6_1,-32.43931
5AUM_2,-32.160074
3CFB_1,-31.832248
2D7T_1,-31.236478
1FL3_1,-30.95127
1UB5_1,-30.884546
3CFB_2,-30.539944
4UOK_1,-29.193569
